-- MySQL dump 10.13  Distrib 5.6.17, for Win32 (x86)
--
-- Host: localhost    Database: metropolis
-- ------------------------------------------------------
-- Server version	5.6.22

/*!40101 SET @OLD_CHARACTER_SET_CLIENT=@@CHARACTER_SET_CLIENT */;
/*!40101 SET @OLD_CHARACTER_SET_RESULTS=@@CHARACTER_SET_RESULTS */;
/*!40101 SET @OLD_COLLATION_CONNECTION=@@COLLATION_CONNECTION */;
/*!40101 SET NAMES utf8 */;
/*!40014 SET @OLD_UNIQUE_CHECKS=@@UNIQUE_CHECKS, UNIQUE_CHECKS=0 */;
/*!40014 SET @OLD_FOREIGN_KEY_CHECKS=@@FOREIGN_KEY_CHECKS, FOREIGN_KEY_CHECKS=0 */;
/*!40101 SET @OLD_SQL_MODE=@@SQL_MODE, SQL_MODE='NO_AUTO_VALUE_ON_ZERO' */;
/*!40111 SET @OLD_SQL_NOTES=@@SQL_NOTES, SQL_NOTES=0 */;

--
-- Dumping data for table `attribute`
--

INSERT INTO attribute (id, display_name, type) VALUES (1,'Доставка',0);
INSERT INTO attribute (id, display_name, type) VALUES (2,'Рассрочка',0);
INSERT INTO attribute (id, display_name, type) VALUES (3,'В кредит',0);
INSERT INTO attribute (id, display_name, type) VALUES (4,'Оплата карточкой',0);
INSERT INTO attribute (id, display_name, type) VALUES (5,'Консультация',0);
INSERT INTO attribute (id, display_name, type) VALUES (6,'Заказ',0);

--
-- Dumping data for table `category`
--

INSERT INTO category (id, display_name, scope_display_name, element_display_name, id_parent) VALUES (0,'Павильоны','Павильоны','павильон',NULL);
INSERT INTO category (id, display_name, scope_display_name, element_display_name, id_parent) VALUES (1,'Магазины','Магазины','магазин',0);
INSERT INTO category (id, display_name, scope_display_name, element_display_name, id_parent) VALUES (2,'Магазины одежды','одежда','магазин одежды',1);
INSERT INTO category (id, display_name, scope_display_name, element_display_name, id_parent) VALUES (5,'Магазины белья','бельё','магазин белья',2);
INSERT INTO category (id, display_name, scope_display_name, element_display_name, id_parent) VALUES (9,'Магазины головных уборов','головные уборы','магазин головных уборов',2);
INSERT INTO category (id, display_name, scope_display_name, element_display_name, id_parent) VALUES (3,'Магазины обуви','обувь','магазин обуви',1);
INSERT INTO category (id, display_name, scope_display_name, element_display_name, id_parent) VALUES (8,'Универсальные магазины','универсальные','универсам',1);
INSERT INTO category (id, display_name, scope_display_name, element_display_name, id_parent) VALUES (31,'Магазины бытовых товаров','для дома и быта','магазин бытовых товаров',1);
INSERT INTO category (id, display_name, scope_display_name, element_display_name, id_parent) VALUES (6,'Магазины техники','техника','магазин техники',31);
INSERT INTO category (id, display_name, scope_display_name, element_display_name, id_parent) VALUES (22,'Магазины электроники','электроника','магазин электроники',6);
INSERT INTO category (id, display_name, scope_display_name, element_display_name, id_parent) VALUES (26,'Магазины бытовой техники','бытовая','магазин бытовой техники',6);
INSERT INTO category (id, display_name, scope_display_name, element_display_name, id_parent) VALUES (10,'Магазины посуды','посуда','магазин посуды',31);
INSERT INTO category (id, display_name, scope_display_name, element_display_name, id_parent) VALUES (11,'Магазины мебели','мебель','магазин мебели',31);
INSERT INTO category (id, display_name, scope_display_name, element_display_name, id_parent) VALUES (27,'Магазины тканей','ткани','магазин тканей',31);
INSERT INTO category (id, display_name, scope_display_name, element_display_name, id_parent) VALUES (32,'Товары для здоровья и красоты','для здоровья и красоты','',1);
INSERT INTO category (id, display_name, scope_display_name, element_display_name, id_parent) VALUES (4,'Косметика и парфюмерия','косметика и парфюмерия','магазин косметики/парфюмерии',32);
INSERT INTO category (id, display_name, scope_display_name, element_display_name, id_parent) VALUES (34,'Аптеки','аптеки','аптека',32);
INSERT INTO category (id, display_name, scope_display_name, element_display_name, id_parent) VALUES (33,'Товары для детей','для детей','магазин товаров для детей',1);
INSERT INTO category (id, display_name, scope_display_name, element_display_name, id_parent) VALUES (29,'Продовольственные магазины','продовольственные','магазин продовольственных товаров',1);
INSERT INTO category (id, display_name, scope_display_name, element_display_name, id_parent) VALUES (12,'Магазины алкогольной продукции','алкоголь','магазин алкогольной продукции',29);
INSERT INTO category (id, display_name, scope_display_name, element_display_name, id_parent) VALUES (30,'Магазины сладостей','сладости','магазин сладостей',29);
INSERT INTO category (id, display_name, scope_display_name, element_display_name, id_parent) VALUES (37,'Чай и кофе','чай и кофе','магазин чая/кофе',29);
INSERT INTO category (id, display_name, scope_display_name, element_display_name, id_parent) VALUES (35,'Магазины аксессуаров','аксессуары и принадлежности','магазин аксессуаров',1);
INSERT INTO category (id, display_name, scope_display_name, element_display_name, id_parent) VALUES (7,'Магазины кожаных изделий','кожаные изделия','магазин кожаных изделий',35);
INSERT INTO category (id, display_name, scope_display_name, element_display_name, id_parent) VALUES (23,'Ювелирные магазины','ювелирные изделия','ювелирный магазин',35);
INSERT INTO category (id, display_name, scope_display_name, element_display_name, id_parent) VALUES (25,'Галантерея','галантерея','магазин галантереи',35);
INSERT INTO category (id, display_name, scope_display_name, element_display_name, id_parent) VALUES (28,'Магазины игрушек','игрушки','магазин игрушек',33);
INSERT INTO category (id, display_name, scope_display_name, element_display_name, id_parent) VALUES (38,'Магазины бижутерии','бижутерия','магазин бижутерии',35);
INSERT INTO category (id, display_name, scope_display_name, element_display_name, id_parent) VALUES (39,'Магазины часов','часы','магазин часов',35);
INSERT INTO category (id, display_name, scope_display_name, element_display_name, id_parent) VALUES (42,'Аксессуары для цифровой техники','к телефону','Аксессуары для цифровой техники',35);
INSERT INTO category (id, display_name, scope_display_name, element_display_name, id_parent) VALUES (44,'Канцелярские товары','канцелярские товары','магазин канцелярских товаров',35);
INSERT INTO category (id, display_name, scope_display_name, element_display_name, id_parent) VALUES (40,'Магазины подарков','подарки','магазин подарков',1);
INSERT INTO category (id, display_name, scope_display_name, element_display_name, id_parent) VALUES (41,'Книжные магазины','книги','книжный магазин',1);
INSERT INTO category (id, display_name, scope_display_name, element_display_name, id_parent) VALUES (13,'Питание','Питание','место питания',0);
INSERT INTO category (id, display_name, scope_display_name, element_display_name, id_parent) VALUES (14,'Кафе','кафе','кафе',13);
INSERT INTO category (id, display_name, scope_display_name, element_display_name, id_parent) VALUES (15,'Пиццерии','пиццерии','пиццерия',13);
INSERT INTO category (id, display_name, scope_display_name, element_display_name, id_parent) VALUES (16,'Рестораны','рестораны','ресторан',13);
INSERT INTO category (id, display_name, scope_display_name, element_display_name, id_parent) VALUES (17,'Услуги','Услуги','центр услуг',0);
INSERT INTO category (id, display_name, scope_display_name, element_display_name, id_parent) VALUES (18,'Красота и здоровье','красота и здоровье','',17);
INSERT INTO category (id, display_name, scope_display_name, element_display_name, id_parent) VALUES (19,'Финансовые услуги','финансовые','центр финансовых услуг',17);
INSERT INTO category (id, display_name, scope_display_name, element_display_name, id_parent) VALUES (36,'Печать и ксерокопия','печать и ксерокопия','центр печатных услуг',17);
INSERT INTO category (id, display_name, scope_display_name, element_display_name, id_parent) VALUES (43,'Фото','фото','студия фото',17);
INSERT INTO category (id, display_name, scope_display_name, element_display_name, id_parent) VALUES (46,'Операторы мобильной связи','мобильная связь','Пункт услуг мобильной связи',17);

--
-- Dumping data for table `tag`
--

INSERT INTO tag (id, display_name) VALUES (1,'коктейли');
INSERT INTO tag (id, display_name) VALUES (2,'открытки');
INSERT INTO tag (id, display_name) VALUES (3,'мужская-одежда');
INSERT INTO tag (id, display_name) VALUES (4,'джинсы');
INSERT INTO tag (id, display_name) VALUES (5,'шампанское');
INSERT INTO tag (id, display_name) VALUES (6,'бижутерия');
INSERT INTO tag (id, display_name) VALUES (7,'терки');
INSERT INTO tag (id, display_name) VALUES (8,'стулья');
INSERT INTO tag (id, display_name) VALUES (9,'музыкальные-игрушки');
INSERT INTO tag (id, display_name) VALUES (10,'мебель');
INSERT INTO tag (id, display_name) VALUES (11,'книги');
INSERT INTO tag (id, display_name) VALUES (12,'ксерокопия');
INSERT INTO tag (id, display_name) VALUES (13,'упаковка');
INSERT INTO tag (id, display_name) VALUES (14,'цифровое-фото');
INSERT INTO tag (id, display_name) VALUES (15,'цифровая-печать');
INSERT INTO tag (id, display_name) VALUES (16,'канцелярские-товары');
INSERT INTO tag (id, display_name) VALUES (17,'женский-трикотаж');
INSERT INTO tag (id, display_name) VALUES (18,'гольфы');
INSERT INTO tag (id, display_name) VALUES (19,'женские-джемпера');
INSERT INTO tag (id, display_name) VALUES (20,'ремонт-одежды');
INSERT INTO tag (id, display_name) VALUES (21,'выпечка');
INSERT INTO tag (id, display_name) VALUES (22,'молодежная-одежда');
INSERT INTO tag (id, display_name) VALUES (23,'женское-белье');
INSERT INTO tag (id, display_name) VALUES (24,'подгузники');
INSERT INTO tag (id, display_name) VALUES (25,'газеты');
INSERT INTO tag (id, display_name) VALUES (26,'шарфы');
INSERT INTO tag (id, display_name) VALUES (27,'фирменная-обувь');
INSERT INTO tag (id, display_name) VALUES (28,'катера-и-яхты');
INSERT INTO tag (id, display_name) VALUES (29,'карамель');
INSERT INTO tag (id, display_name) VALUES (30,'фото-на-документы');
INSERT INTO tag (id, display_name) VALUES (31,'предметы-быта');
INSERT INTO tag (id, display_name) VALUES (32,'мужские-пиджаки');
INSERT INTO tag (id, display_name) VALUES (33,'одежда');
INSERT INTO tag (id, display_name) VALUES (34,'парфюмерия');
INSERT INTO tag (id, display_name) VALUES (35,'фото');
INSERT INTO tag (id, display_name) VALUES (36,'черный-чай');
INSERT INTO tag (id, display_name) VALUES (37,'модная-одежда');
INSERT INTO tag (id, display_name) VALUES (38,'вино');
INSERT INTO tag (id, display_name) VALUES (39,'портмоне');
INSERT INTO tag (id, display_name) VALUES (40,'беларускае');
INSERT INTO tag (id, display_name) VALUES (41,'коллекции');
INSERT INTO tag (id, display_name) VALUES (42,'вазы');
INSERT INTO tag (id, display_name) VALUES (43,'наборы');
INSERT INTO tag (id, display_name) VALUES (44,'радио-игрушки');
INSERT INTO tag (id, display_name) VALUES (45,'водка');
INSERT INTO tag (id, display_name) VALUES (46,'напитки');
INSERT INTO tag (id, display_name) VALUES (47,'ирис');
INSERT INTO tag (id, display_name) VALUES (48,'куртки');
INSERT INTO tag (id, display_name) VALUES (49,'ткани');
INSERT INTO tag (id, display_name) VALUES (51,'очки');
INSERT INTO tag (id, display_name) VALUES (52,'изготовление-ключей');
INSERT INTO tag (id, display_name) VALUES (53,'кофейные-смеси');
INSERT INTO tag (id, display_name) VALUES (54,'телефоны');
INSERT INTO tag (id, display_name) VALUES (55,'электронные-сигареты');
INSERT INTO tag (id, display_name) VALUES (56,'спецодежда');
INSERT INTO tag (id, display_name) VALUES (57,'изделия-из-льна');
INSERT INTO tag (id, display_name) VALUES (58,'обмен-валют');
INSERT INTO tag (id, display_name) VALUES (59,'уход-за-телом');
INSERT INTO tag (id, display_name) VALUES (60,'оформление-подарков');
INSERT INTO tag (id, display_name) VALUES (61,'чемоданы');
INSERT INTO tag (id, display_name) VALUES (62,'пледы');
INSERT INTO tag (id, display_name) VALUES (63,'белье');
INSERT INTO tag (id, display_name) VALUES (64,'мужская-обувь');
INSERT INTO tag (id, display_name) VALUES (65,'носки');
INSERT INTO tag (id, display_name) VALUES (66,'халаты');
INSERT INTO tag (id, display_name) VALUES (67,'конфеты');
INSERT INTO tag (id, display_name) VALUES (68,'дизайнерская-одежда');
INSERT INTO tag (id, display_name) VALUES (69,'суши');
INSERT INTO tag (id, display_name) VALUES (70,'свежеобжаренный-кофе');
INSERT INTO tag (id, display_name) VALUES (71,'постельное-белье');
INSERT INTO tag (id, display_name) VALUES (72,'леденцы');
INSERT INTO tag (id, display_name) VALUES (73,'ручная-работа');
INSERT INTO tag (id, display_name) VALUES (74,'изделия-из-камня');
INSERT INTO tag (id, display_name) VALUES (75,'посуда');
INSERT INTO tag (id, display_name) VALUES (76,'женская-обувь');
INSERT INTO tag (id, display_name) VALUES (77,'сумки');
INSERT INTO tag (id, display_name) VALUES (78,'продукты');
INSERT INTO tag (id, display_name) VALUES (79,'срочное-фото');
INSERT INTO tag (id, display_name) VALUES (80,'визитки');
INSERT INTO tag (id, display_name) VALUES (81,'парикмахерская');
INSERT INTO tag (id, display_name) VALUES (82,'вертолёты');
INSERT INTO tag (id, display_name) VALUES (83,'ликеры');
INSERT INTO tag (id, display_name) VALUES (84,'джемпера');
INSERT INTO tag (id, display_name) VALUES (85,'ботинки');
INSERT INTO tag (id, display_name) VALUES (86,'столовое-белье');
INSERT INTO tag (id, display_name) VALUES (87,'gps-навигаторы');
INSERT INTO tag (id, display_name) VALUES (88,'автомодели');
INSERT INTO tag (id, display_name) VALUES (89,'укражения');
INSERT INTO tag (id, display_name) VALUES (90,'уход-за-лицом');
INSERT INTO tag (id, display_name) VALUES (91,'кофе');
INSERT INTO tag (id, display_name) VALUES (92,'чайники');
INSERT INTO tag (id, display_name) VALUES (93,'десерты');
INSERT INTO tag (id, display_name) VALUES (94,'часы');
INSERT INTO tag (id, display_name) VALUES (95,'леггинсы');
INSERT INTO tag (id, display_name) VALUES (96,'подключение');
INSERT INTO tag (id, display_name) VALUES (97,'лотерйные-билеты');
INSERT INTO tag (id, display_name) VALUES (98,'зефир');
INSERT INTO tag (id, display_name) VALUES (99,'кошельки');
INSERT INTO tag (id, display_name) VALUES (100,'платежи');
INSERT INTO tag (id, display_name) VALUES (101,'кровати');
INSERT INTO tag (id, display_name) VALUES (102,'цифровая-техника');
INSERT INTO tag (id, display_name) VALUES (103,'еда-навынос');
INSERT INTO tag (id, display_name) VALUES (104,'ремонт-замков');
INSERT INTO tag (id, display_name) VALUES (105,'деловые-костюмы');
INSERT INTO tag (id, display_name) VALUES (106,'печать');
INSERT INTO tag (id, display_name) VALUES (107,'бумага');
INSERT INTO tag (id, display_name) VALUES (108,'аксессуары-для-телефонов');
INSERT INTO tag (id, display_name) VALUES (109,'покрывала');
INSERT INTO tag (id, display_name) VALUES (110,'квадрокоптеры');
INSERT INTO tag (id, display_name) VALUES (111,'термобелье');
INSERT INTO tag (id, display_name) VALUES (112,'головоломки');
INSERT INTO tag (id, display_name) VALUES (113,'ремни');
INSERT INTO tag (id, display_name) VALUES (114,'календари');
INSERT INTO tag (id, display_name) VALUES (115,'кашпо');
INSERT INTO tag (id, display_name) VALUES (116,'заточка-инструмента');
INSERT INTO tag (id, display_name) VALUES (117,'сладости');
INSERT INTO tag (id, display_name) VALUES (118,'туфли');
INSERT INTO tag (id, display_name) VALUES (119,'детские-игрушки');
INSERT INTO tag (id, display_name) VALUES (120,'одежда-для-дома');
INSERT INTO tag (id, display_name) VALUES (121,'женская-одежда');
INSERT INTO tag (id, display_name) VALUES (122,'красное-вино');
INSERT INTO tag (id, display_name) VALUES (123,'сухофрукты');
INSERT INTO tag (id, display_name) VALUES (124,'свежая-выпечка');
INSERT INTO tag (id, display_name) VALUES (125,'кондитерские-изделия');
INSERT INTO tag (id, display_name) VALUES (126,'белое-вино');
INSERT INTO tag (id, display_name) VALUES (127,'наклейки');
INSERT INTO tag (id, display_name) VALUES (128,'плееры');
INSERT INTO tag (id, display_name) VALUES (129,'браслеты');
INSERT INTO tag (id, display_name) VALUES (130,'фастфуд');
INSERT INTO tag (id, display_name) VALUES (131,'чехлы');
INSERT INTO tag (id, display_name) VALUES (132,'кож-галантерея');
INSERT INTO tag (id, display_name) VALUES (133,'рукавицы');
INSERT INTO tag (id, display_name) VALUES (134,'коньяк');
INSERT INTO tag (id, display_name) VALUES (135,'торты');
INSERT INTO tag (id, display_name) VALUES (136,'мужская-лдежда');
INSERT INTO tag (id, display_name) VALUES (137,'фотокамеры');
INSERT INTO tag (id, display_name) VALUES (138,'панамы');
INSERT INTO tag (id, display_name) VALUES (139,'стекло');
INSERT INTO tag (id, display_name) VALUES (140,'уход-за-руками');
INSERT INTO tag (id, display_name) VALUES (141,'солярий');
INSERT INTO tag (id, display_name) VALUES (142,'колготки');
INSERT INTO tag (id, display_name) VALUES (143,'аксессуары-для-обуви');
INSERT INTO tag (id, display_name) VALUES (144,'женские-аксессуары');
INSERT INTO tag (id, display_name) VALUES (145,'handmade');
INSERT INTO tag (id, display_name) VALUES (146,'печенье');
INSERT INTO tag (id, display_name) VALUES (147,'наушники');
INSERT INTO tag (id, display_name) VALUES (148,'овощерезки');
INSERT INTO tag (id, display_name) VALUES (149,'обувь');
INSERT INTO tag (id, display_name) VALUES (150,'детская-одежда');
INSERT INTO tag (id, display_name) VALUES (151,'кухонная-утварь');
INSERT INTO tag (id, display_name) VALUES (152,'зонты');
INSERT INTO tag (id, display_name) VALUES (153,'головные-уборы');
INSERT INTO tag (id, display_name) VALUES (154,'кулоны');
INSERT INTO tag (id, display_name) VALUES (155,'чулки');
INSERT INTO tag (id, display_name) VALUES (156,'ювелирные-изделия');
INSERT INTO tag (id, display_name) VALUES (157,'мыло');
INSERT INTO tag (id, display_name) VALUES (158,'одежда-для-отдыха');
INSERT INTO tag (id, display_name) VALUES (159,'игрушки');
INSERT INTO tag (id, display_name) VALUES (160,'корсетное-белье');
INSERT INTO tag (id, display_name) VALUES (161,'уход-за-ногтями');
INSERT INTO tag (id, display_name) VALUES (162,'стильная-одежда');
INSERT INTO tag (id, display_name) VALUES (163,'уход-за-волосами');
INSERT INTO tag (id, display_name) VALUES (164,'клубные-игры');
INSERT INTO tag (id, display_name) VALUES (165,'шорты-для-плавания');
INSERT INTO tag (id, display_name) VALUES (166,'пижамы');
INSERT INTO tag (id, display_name) VALUES (167,'серьги');
INSERT INTO tag (id, display_name) VALUES (168,'детская-комната');
INSERT INTO tag (id, display_name) VALUES (169,'настольные-игры');
INSERT INTO tag (id, display_name) VALUES (170,'трикотаж');
INSERT INTO tag (id, display_name) VALUES (171,'алкоголь');
INSERT INTO tag (id, display_name) VALUES (172,'магнитики');
INSERT INTO tag (id, display_name) VALUES (173,'мужское-белье');
INSERT INTO tag (id, display_name) VALUES (174,'кафе');
INSERT INTO tag (id, display_name) VALUES (175,'бар');
INSERT INTO tag (id, display_name) VALUES (176,'журналы');
INSERT INTO tag (id, display_name) VALUES (177,'хрусталь');
INSERT INTO tag (id, display_name) VALUES (178,'мужские-сорочки');
INSERT INTO tag (id, display_name) VALUES (179,'подарочные-наборы');
INSERT INTO tag (id, display_name) VALUES (180,'спортивная-одежда');
INSERT INTO tag (id, display_name) VALUES (181,'галантерея');
INSERT INTO tag (id, display_name) VALUES (182,'цифровые-фотокамеры');
INSERT INTO tag (id, display_name) VALUES (183,'мороженое');
INSERT INTO tag (id, display_name) VALUES (184,'пицца');
INSERT INTO tag (id, display_name) VALUES (185,'платки');
INSERT INTO tag (id, display_name) VALUES (186,'мужской-трикотаж');
INSERT INTO tag (id, display_name) VALUES (187,'спа');
INSERT INTO tag (id, display_name) VALUES (188,'купальники');
INSERT INTO tag (id, display_name) VALUES (189,'украшения');
INSERT INTO tag (id, display_name) VALUES (190,'бриллианты');
INSERT INTO tag (id, display_name) VALUES (191,'столы');
INSERT INTO tag (id, display_name) VALUES (192,'зеленый-чай');
INSERT INTO tag (id, display_name) VALUES (193,'самолёты');
INSERT INTO tag (id, display_name) VALUES (194,'еда');
INSERT INTO tag (id, display_name) VALUES (195,'кофе-навынос');
INSERT INTO tag (id, display_name) VALUES (196,'ножи');
INSERT INTO tag (id, display_name) VALUES (197,'шоколад');
INSERT INTO tag (id, display_name) VALUES (198,'матрасы');
INSERT INTO tag (id, display_name) VALUES (199,'детская-обувь');
INSERT INTO tag (id, display_name) VALUES (200,'полотенца');
INSERT INTO tag (id, display_name) VALUES (201,'шапки');
INSERT INTO tag (id, display_name) VALUES (202,'подарки');
INSERT INTO tag (id, display_name) VALUES (203,'косметика');
INSERT INTO tag (id, display_name) VALUES (204,'танковый-бой');
INSERT INTO tag (id, display_name) VALUES (205,'сувениры');
INSERT INTO tag (id, display_name) VALUES (206,'планшеты');
INSERT INTO tag (id, display_name) VALUES (207,'чай');
INSERT INTO tag (id, display_name) VALUES (208,'домашняя-одежда');
INSERT INTO tag (id, display_name) VALUES (209,'молодежная-обувь');
INSERT INTO tag (id, display_name) VALUES (210,'wifi');
INSERT INTO tag (id, display_name) VALUES (211,'обеды');
INSERT INTO tag (id, display_name) VALUES (212,'игристые-вина');
INSERT INTO tag (id, display_name) VALUES (213,'перчатки');
INSERT INTO tag (id, display_name) VALUES (214,'спортивные-костюмы');
INSERT INTO tag (id, display_name) VALUES (215,'радиотелефоны');
INSERT INTO tag (id, display_name) VALUES (216,'емкости');
INSERT INTO tag (id, display_name) VALUES (217,'текстиль');
INSERT INTO tag (id, display_name) VALUES (218,'маникюр');
INSERT INTO tag (id, display_name) VALUES (219,'мобильники');
INSERT INTO tag (id, display_name) VALUES (220,'аксессуары');

--
-- Dumping data for table `shop`
--

INSERT INTO shop (id, id_category, display_name, description, id_time, user_id, title, full_name, slogan, short_desc, web, room, owner_name, highlights) VALUES (1,37,'Coffee Life',NULL,NULL,1,'coffee-life','Coffee Life','Premium quality coffee','Магазин кофе','http://www.coffeelife.by/','нижний уровень','ИП Шестак М.А.',NULL);
INSERT INTO shop (id, id_category, display_name, description, id_time, user_id, title, full_name, slogan, short_desc, web, room, owner_name, highlights) VALUES (2,3,'Skechers',NULL,NULL,2,'skechers','Skechers',NULL,'Фирменный магазин обуви','http://skechers.vitrini.by/','нижний уровень, павильон 414.2','ЧП «Дефиле плюс»',NULL);
INSERT INTO shop (id, id_category, display_name, description, id_time, user_id, title, full_name, slogan, short_desc, web, room, owner_name, highlights) VALUES (3,3,'kari',NULL,NULL,3,'kari','kari',NULL,'Магазин обуви и аксессуаров','http://ru.kari.com/','нижний уровень, павильон 212.2','ИООО «КАРИобувь»',NULL);
INSERT INTO shop (id, id_category, display_name, description, id_time, user_id, title, full_name, slogan, short_desc, web, room, owner_name, highlights) VALUES (4,2,'Marusya',NULL,NULL,4,'marusya','Marusya','Долго и Cчастливо!','Магазин дизайнерской одежды','http://www.marusya.by/','нижний уровень, павильон 322','ООО «БрэндФэшнГрупп»','коллекции,широкий ассортимент,размерный ряд');
INSERT INTO shop (id, id_category, display_name, description, id_time, user_id, title, full_name, slogan, short_desc, web, room, owner_name, highlights) VALUES (5,28,'Хобби-парк',NULL,NULL,5,'хобби-парк','Хобби-парк',NULL,'Магазин радиомоделей','http://hobbycenter.by/','нижний уровень, павильон 214.1','ООО «Хобби-парк»',NULL);
INSERT INTO shop (id, id_category, display_name, description, id_time, user_id, title, full_name, slogan, short_desc, web, room, owner_name, highlights) VALUES (6,35,'SigaretNet',NULL,NULL,6,'sigaret-net','SigaretNet',NULL,'Электронные сигареты и аксессуары','http://www.sigaretnet.by/','нижний уровень, павильон 328','ООО «ЕрмакИнвест»',NULL);
INSERT INTO shop (id, id_category, display_name, description, id_time, user_id, title, full_name, slogan, short_desc, web, room, owner_name, highlights) VALUES (7,2,'Savage',NULL,NULL,7,'savage','Savage',NULL,'Магазин модной одежды','http://www.savage.ru/','нижний уровень, павильон 212.1','ООО «ОптимСэйлз»',NULL);
INSERT INTO shop (id, id_category, display_name, description, id_time, user_id, title, full_name, slogan, short_desc, web, room, owner_name, highlights) VALUES (8,2,'LTB',NULL,NULL,8,'LTB','LTB',NULL,'Магазин молодежной одежды','http://ltbjeans.com/','нижний уровень, павильон 324','ООО «Гала Мода»','качественные джинсы,демократичные цены');
INSERT INTO shop (id, id_category, display_name, description, id_time, user_id, title, full_name, slogan, short_desc, web, room, owner_name, highlights) VALUES (9,22,'iStyle',NULL,NULL,9,'istyle','iStyle',NULL,'Цифровая техника и аксессуары',NULL,'нижний уровень, павильон 416',NULL,NULL);
INSERT INTO shop (id, id_category, display_name, description, id_time, user_id, title, full_name, slogan, short_desc, web, room, owner_name, highlights) VALUES (10,14,'Гараж',NULL,NULL,10,'гараж','Гараж',NULL,'Кафе на 100 посадочных мест','http://www.cafegarage.by/','нижний уровень, павильон 320','ООО «ГаражСтолица»','-30% навынос');
INSERT INTO shop (id, id_category, display_name, description, id_time, user_id, title, full_name, slogan, short_desc, web, room, owner_name, highlights) VALUES (11,2,'tom farr',NULL,NULL,11,'tomfarr','tom farr',NULL,'Магазин стильной одежды','http://www.tomfarr.com/','нижний уровень, павильон 212.3','ОДО «Дельталит»',NULL);
INSERT INTO shop (id, id_category, display_name, description, id_time, user_id, title, full_name, slogan, short_desc, web, room, owner_name, highlights) VALUES (12,2,'QuickStyle',NULL,NULL,12,'quick-style','QuickStyle',NULL,'Одежда, обувь, аксессуары для скейт-бординга','http://skate.by/','нижний уровень, павильон 323','ООО «Номад-партнер»',NULL);
INSERT INTO shop (id, id_category, display_name, description, id_time, user_id, title, full_name, slogan, short_desc, web, room, owner_name, highlights) VALUES (13,33,'kari kids',NULL,NULL,13,'kari-kids','kari kids',NULL,'Товары для детей','http://ru.kari.com/','нижний уровень, павильон 415.1','ИООО «КАРИобувь»',NULL);
INSERT INTO shop (id, id_category, display_name, description, id_time, user_id, title, full_name, slogan, short_desc, web, room, owner_name, highlights) VALUES (14,3,'ecco',NULL,NULL,14,'ecco','ecco',NULL,'Магазин обуви','http://ecco-shoes.by/','нижний уровень, павильон 210','ИООО «ЭККО-БЕЛРОС»',NULL);
INSERT INTO shop (id, id_category, display_name, description, id_time, user_id, title, full_name, slogan, short_desc, web, room, owner_name, highlights) VALUES (15,18,'Арабески',NULL,NULL,15,'арабески','Арабески',NULL,'Нейл-бар',NULL,'нижний уровень, павильон 327','ООО «ЕрмакИнвест»',NULL);
INSERT INTO shop (id, id_category, display_name, description, id_time, user_id, title, full_name, slogan, short_desc, web, room, owner_name, highlights) VALUES (16,2,'Colin\'s',NULL,NULL,17,'colins','Colin\'s',NULL,'Магазин одежды','http://colinsjeans.com/','нижний уровень, павильон 211','ИООО «Бэлер Ретаиль»',NULL);
INSERT INTO shop (id, id_category, display_name, description, id_time, user_id, title, full_name, slogan, short_desc, web, room, owner_name, highlights) VALUES (17,2,'Свiтанак',NULL,NULL,16,'свитанак','Свiтанак',NULL,'Магазин одежды','http://svitanak.by/','нижний уровень, павильон 325','ОАО «Свитанок»',NULL);
INSERT INTO shop (id, id_category, display_name, description, id_time, user_id, title, full_name, slogan, short_desc, web, room, owner_name, highlights) VALUES (18,5,'Atlantic TORSO',NULL,NULL,19,'atlantic-torso','Atlantic TORSO',NULL,'Женское белье','http://atlanticshop.by/','нижний уровень, павильон 213','ЧП «ТонМедиаТрейд»',NULL);
INSERT INTO shop (id, id_category, display_name, description, id_time, user_id, title, full_name, slogan, short_desc, web, room, owner_name, highlights) VALUES (19,3,'Euroshoes',NULL,NULL,18,'euroshoes','Euroshoes',NULL,'Магазин обуви','http://euroshoes.org/','нижний уровень, павильон 210.1','ООО «Еврошуз»',NULL);
INSERT INTO shop (id, id_category, display_name, description, id_time, user_id, title, full_name, slogan, short_desc, web, room, owner_name, highlights) VALUES (20,38,'ЕрмакИнвест',NULL,NULL,21,NULL,'Киоск',NULL,'Бижутерия',NULL,'нижний уровень, павильон 216','ООО «ЕрмакИнвест»',NULL);
INSERT INTO shop (id, id_category, display_name, description, id_time, user_id, title, full_name, slogan, short_desc, web, room, owner_name, highlights) VALUES (21,17,'Дарим праздник',NULL,NULL,20,'дарим-праздник','Дарим праздник',NULL,'Оформление подарков',NULL,'нижний уровень, павильон 214','ЧП «Дарим праздник»',NULL);
INSERT INTO shop (id, id_category, display_name, description, id_time, user_id, title, full_name, slogan, short_desc, web, room, owner_name, highlights) VALUES (22,28,'Куалитэ',NULL,NULL,23,'куалитэ','Куалитэ',NULL,'Детские игрушки',NULL,'нижний уровень, павильон 217','ОАО «Куалитэ»',NULL);
INSERT INTO shop (id, id_category, display_name, description, id_time, user_id, title, full_name, slogan, short_desc, web, room, owner_name, highlights) VALUES (23,9,'Урания плюс',NULL,NULL,22,'урания-плюс','Урания плюс',NULL,'Головные уборы',NULL,'нижний уровень, павильон 215','ЧТУП «Урания плюс»',NULL);
INSERT INTO shop (id, id_category, display_name, description, id_time, user_id, title, full_name, slogan, short_desc, web, room, owner_name, highlights) VALUES (24,38,'Веролена',NULL,NULL,25,NULL,'Киоск',NULL,'Бижутерия',NULL,'нижний уровень, павильон 326','ЧУП «Веролена»',NULL);
INSERT INTO shop (id, id_category, display_name, description, id_time, user_id, title, full_name, slogan, short_desc, web, room, owner_name, highlights) VALUES (25,16,'Кружка',NULL,NULL,24,'кружка','Кружка',NULL,'Ресторан на 80 посадочных мест',NULL,'нижний уровень, павильон 321','ОДО «Папторг»',NULL);
INSERT INTO shop (id, id_category, display_name, description, id_time, user_id, title, full_name, slogan, short_desc, web, room, owner_name, highlights) VALUES (26,37,'АйришКофе',NULL,NULL,27,NULL,'Киоск',NULL,'Чай, кофе, сладости',NULL,'нижний уровень, павильон 329','ЧУП «АйришКофе»',NULL);
INSERT INTO shop (id, id_category, display_name, description, id_time, user_id, title, full_name, slogan, short_desc, web, room, owner_name, highlights) VALUES (27,25,'Веролена',NULL,NULL,26,NULL,'Веролена',NULL,'Кожгалантерея',NULL,'нижний уровень, павильон 331','ЧУП «Веролена»',NULL);
INSERT INTO shop (id, id_category, display_name, description, id_time, user_id, title, full_name, slogan, short_desc, web, room, owner_name, highlights) VALUES (28,40,'Фиджи-кофе',NULL,NULL,29,NULL,'Киоск',NULL,'Сувениры, подарки','http://www.retailidea.ru/','нижний уровень, павильон 348','ООО «Фиджи-кофе»',NULL);
INSERT INTO shop (id, id_category, display_name, description, id_time, user_id, title, full_name, slogan, short_desc, web, room, owner_name, highlights) VALUES (29,28,'Развивайка',NULL,NULL,28,'развивайка','Развивайка',NULL,'Развивающие игрушки для детей','http://www.razvivayka.by/','нижний уровень, павильон 345','ЧП «АртСтепКомпани»',NULL);
INSERT INTO shop (id, id_category, display_name, description, id_time, user_id, title, full_name, slogan, short_desc, web, room, owner_name, highlights) VALUES (30,14,'Dolce',NULL,NULL,31,'dolce','Dolce',NULL,'Мини-кафе','http://www.tortdolce.by/','нижний уровень, павильон 349','ЧП «Кофеайс»',NULL);
INSERT INTO shop (id, id_category, display_name, description, id_time, user_id, title, full_name, slogan, short_desc, web, room, owner_name, highlights) VALUES (31,42,'Фиджи-кофе',NULL,NULL,30,NULL,'Киоск',NULL,'Аксессуары для мобильных телефонов и планшетов',NULL,'нижний уровень, павильон 416','ООО «Фиджи-кофе»',NULL);
INSERT INTO shop (id, id_category, display_name, description, id_time, user_id, title, full_name, slogan, short_desc, web, room, owner_name, highlights) VALUES (32,37,'Bungalow',NULL,NULL,34,'bungalow','Bungalow',NULL,'Чай, кофе','http://www.bungalow.by/','нижний уровень, павильон 421','ООО «Кофеин»',NULL);
INSERT INTO shop (id, id_category, display_name, description, id_time, user_id, title, full_name, slogan, short_desc, web, room, owner_name, highlights) VALUES (33,11,'Лагуна',NULL,NULL,35,'laguna','Лагуна',NULL,'Мебель','http://www.laguna.by/','нижний уровень','УП «Мебельная фабрика \"Лагуна\"»',NULL);
INSERT INTO shop (id, id_category, display_name, description, id_time, user_id, title, full_name, slogan, short_desc, web, room, owner_name, highlights) VALUES (34,40,'Падарункi са сталiцы',NULL,NULL,32,NULL,'Падарункi са сталiцы',NULL,'Изделия народных промыслов, сувениры',NULL,'нижний уровень, павильон 351','ЧУП «Падарункi са сталiцы»',NULL);
INSERT INTO shop (id, id_category, display_name, description, id_time, user_id, title, full_name, slogan, short_desc, web, room, owner_name, highlights) VALUES (35,14,'Coffee Box',NULL,NULL,33,'coffee-box','Coffee Box',NULL,'Мороженое, кофе, напитки',NULL,'нижний уровень, павильон 414.1','ООО «АйсКримЛэнд»',NULL);
INSERT INTO shop (id, id_category, display_name, description, id_time, user_id, title, full_name, slogan, short_desc, web, room, owner_name, highlights) VALUES (36,3,'ТВОЕ',NULL,NULL,38,NULL,'ТВОЕ',NULL,'Магазин одежды','http://tvoe.ru/','средний уровень, павильон 206','ЧУП «Шарм Премьер»',NULL);
INSERT INTO shop (id, id_category, display_name, description, id_time, user_id, title, full_name, slogan, short_desc, web, room, owner_name, highlights) VALUES (37,3,'Basta!',NULL,NULL,39,'basta','Basta!','Обувь с ярким характером','Магазин обуви','http://basta.by/','средний уровень, павильон 207','ООО «Еврообувь»','яркая обувь, для студентов,доступные цены');
INSERT INTO shop (id, id_category, display_name, description, id_time, user_id, title, full_name, slogan, short_desc, web, room, owner_name, highlights) VALUES (38,3,'Veroni',NULL,NULL,36,'veroni','Veroni',NULL,'Магазин одежды','http://v-shoes.by/','средний уровень, павильон 205','ЧТУП «КорсоКомо»',NULL);
INSERT INTO shop (id, id_category, display_name, description, id_time, user_id, title, full_name, slogan, short_desc, web, room, owner_name, highlights) VALUES (39,2,'Calliope',NULL,NULL,37,'calliope','Calliope',NULL,'Магазин женской одежды',NULL,'средний уровень, павильон 205','ОДО «БелВиринея»',NULL);
INSERT INTO shop (id, id_category, display_name, description, id_time, user_id, title, full_name, slogan, short_desc, web, room, owner_name, highlights) VALUES (40,22,'На связи',NULL,NULL,42,'на-связи','Киоск «На связи»',NULL,'Мобильные телефоны, аксессуары','http://nsv.by/','средний уровень, павильон 209','УП «Палома Сервис»',NULL);
INSERT INTO shop (id, id_category, display_name, description, id_time, user_id, title, full_name, slogan, short_desc, web, room, owner_name, highlights) VALUES (41,2,'Vero Moda',NULL,NULL,43,'veromoda','Vero Moda',NULL,'Магазин одежды','http://fh.by/','средний уровень, павильон 312а','ОДО «БелВиринея»',NULL);
INSERT INTO shop (id, id_category, display_name, description, id_time, user_id, title, full_name, slogan, short_desc, web, room, owner_name, highlights) VALUES (42,2,'Westerly',NULL,NULL,40,'westerly','Westerly',NULL,'Фирменный магазин одежды','http://westerly.by/','средний уровень, павильон 207','ООО «Еврообувь»',NULL);
INSERT INTO shop (id, id_category, display_name, description, id_time, user_id, title, full_name, slogan, short_desc, web, room, owner_name, highlights) VALUES (43,3,'Estri',NULL,NULL,41,'estri','Estri',NULL,'Магазин обуви',NULL,'средний уровень, павильон 207','ООО «Еврообувь»','обувь представительского класса');
INSERT INTO shop (id, id_category, display_name, description, id_time, user_id, title, full_name, slogan, short_desc, web, room, owner_name, highlights) VALUES (44,2,'Jennyfer',NULL,NULL,46,'jennyfer','Jennyfer',NULL,'Магазин одежды','http://fh.by/','средний уровень, павильон 313а','ОДО «Багирабизнес»',NULL);
INSERT INTO shop (id, id_category, display_name, description, id_time, user_id, title, full_name, slogan, short_desc, web, room, owner_name, highlights) VALUES (45,5,'Women\' secret',NULL,NULL,47,'womensecret','Women\' secret',NULL,'Бельё','http://fh.by/','средний уровень, павильон 313б','ОДО «Багирабизнес»',NULL);
INSERT INTO shop (id, id_category, display_name, description, id_time, user_id, title, full_name, slogan, short_desc, web, room, owner_name, highlights) VALUES (46,2,'Jack & Jones',NULL,NULL,44,'jackjones','Jack & Jones',NULL,'Магазин одежды','http://fh.by/','средний уровень, павильон 312б','ОДО «БелВиринея»',NULL);
INSERT INTO shop (id, id_category, display_name, description, id_time, user_id, title, full_name, slogan, short_desc, web, room, owner_name, highlights) VALUES (47,2,'MEXX',NULL,NULL,45,'mexx','MEXX',NULL,'Магазин одежды','http://fh.by/','средний уровень, павильон 312в','ОДО «БелВиринея»',NULL);
INSERT INTO shop (id, id_category, display_name, description, id_time, user_id, title, full_name, slogan, short_desc, web, room, owner_name, highlights) VALUES (48,40,'Jumbo',NULL,NULL,51,NULL,'Киоск',NULL,'Сувениры','http://jumbo.by/','средний уровень, павильон 317','ЧТУП «Джамбо»',NULL);
INSERT INTO shop (id, id_category, display_name, description, id_time, user_id, title, full_name, slogan, short_desc, web, room, owner_name, highlights) VALUES (49,38,'АйришКофе',NULL,NULL,50,NULL,'Киоск',NULL,'Кожгалантерея, бижутерия',NULL,'средний уровень, павильон 316','ЧУП «АйришКофе»',NULL);
INSERT INTO shop (id, id_category, display_name, description, id_time, user_id, title, full_name, slogan, short_desc, web, room, owner_name, highlights) VALUES (50,2,'mango',NULL,NULL,49,'mango','Mango',NULL,'Женская одежда и аксессуары','http://fh.by/','средний уровень, павильон 315','ОДО «Белмаркетцентр»',NULL);
INSERT INTO shop (id, id_category, display_name, description, id_time, user_id, title, full_name, slogan, short_desc, web, room, owner_name, highlights) VALUES (51,2,'Terranova',NULL,NULL,48,'terranova','Terranova',NULL,'Одежда из Италии','http://www.terranovastyle.com','средний уровень, павильон 314','ОДО «Олдига»','модно,молодежно,стильно');
INSERT INTO shop (id, id_category, display_name, description, id_time, user_id, title, full_name, slogan, short_desc, web, room, owner_name, highlights) VALUES (52,38,'ИП Андрухович',NULL,NULL,55,NULL,'Киоск',NULL,'Торговля бижутерией',NULL,'средний уровень, павильон 336','ИП Андрухович Т.А.',NULL);
INSERT INTO shop (id, id_category, display_name, description, id_time, user_id, title, full_name, slogan, short_desc, web, room, owner_name, highlights) VALUES (53,30,'АйришКофе',NULL,NULL,54,NULL,'Киоск',NULL,'Торговля конфетами',NULL,'средний уровень, павильон 335','ЧУП «АйришКофе»',NULL);
INSERT INTO shop (id, id_category, display_name, description, id_time, user_id, title, full_name, slogan, short_desc, web, room, owner_name, highlights) VALUES (54,2,'ЕрмакИнвест',NULL,NULL,53,NULL,'Киоск',NULL,'Белье, чулочно-носочная продукция',NULL,'средний уровень, павильон 319','ООО «ЕрмакИнвест»',NULL);
INSERT INTO shop (id, id_category, display_name, description, id_time, user_id, title, full_name, slogan, short_desc, web, room, owner_name, highlights) VALUES (55,40,'Падарункi са сталiцы',NULL,NULL,52,NULL,'Падарункi са сталiцы',NULL,'Изделия народных промыслов, сувениры',NULL,'средний уровень, павильон 318','ЧУП «Падарункi са сталiцы»',NULL);
INSERT INTO shop (id, id_category, display_name, description, id_time, user_id, title, full_name, slogan, short_desc, web, room, owner_name, highlights) VALUES (56,25,'ОЛСЕМА',NULL,NULL,59,NULL,'Киоск',NULL,'Мужская галантерея',NULL,'средний уровень, павильон 340','ЧП «ОЛСЕМА»',NULL);
INSERT INTO shop (id, id_category, display_name, description, id_time, user_id, title, full_name, slogan, short_desc, web, room, owner_name, highlights) VALUES (57,38,'Минолита',NULL,NULL,58,'minolita','Киоск',NULL,'Бижутерия','http://www.minolita.by/','средний уровень, павильон 339','ЧТПУП «Минолита»',NULL);
INSERT INTO shop (id, id_category, display_name, description, id_time, user_id, title, full_name, slogan, short_desc, web, room, owner_name, highlights) VALUES (58,2,'Олечка',NULL,NULL,57,'олечка','Киоск',NULL,'Торговля чулочно-носочными изделиями',NULL,'средний уровень, павильон 338','ООО «Олечка»',NULL);
INSERT INTO shop (id, id_category, display_name, description, id_time, user_id, title, full_name, slogan, short_desc, web, room, owner_name, highlights) VALUES (59,40,'Миллион подарков',NULL,NULL,56,'1000000','Миллион подарков',NULL,'Сувениры',NULL,'средний уровень, павильон 337','ЧП «Миллион подарков»',NULL);
INSERT INTO shop (id, id_category, display_name, description, id_time, user_id, title, full_name, slogan, short_desc, web, room, owner_name, highlights) VALUES (60,7,'Caprisa',NULL,NULL,63,'caprisa','Caprisa',NULL,'Сумки,  чемоданы',NULL,'средний уровень, павильон 407','ООО «Белтренд»',NULL);
INSERT INTO shop (id, id_category, display_name, description, id_time, user_id, title, full_name, slogan, short_desc, web, room, owner_name, highlights) VALUES (61,30,'Юнаки',NULL,NULL,62,'юнаки','Киоск',NULL,'Торговля мороженым',NULL,'средний уровень, павильон 343','ЧТУП «Юнаки»',NULL);
INSERT INTO shop (id, id_category, display_name, description, id_time, user_id, title, full_name, slogan, short_desc, web, room, owner_name, highlights) VALUES (62,22,'smartberry.by',NULL,NULL,61,'smartberry','Киоск',NULL,'Салон мобильных телефонов',NULL,'средний уровень, павильон 342','ЧТУП «Смартберри»',NULL);
INSERT INTO shop (id, id_category, display_name, description, id_time, user_id, title, full_name, slogan, short_desc, web, room, owner_name, highlights) VALUES (63,4,'Кэпитал Ритейл',NULL,NULL,60,NULL,'Киоск',NULL,'Розничная торговля косметической продукцией',NULL,'средний уровень, павильон 341','ООО «Кэпитал Ритейл»',NULL);
INSERT INTO shop (id, id_category, display_name, description, id_time, user_id, title, full_name, slogan, short_desc, web, room, owner_name, highlights) VALUES (64,36,'Карандаш',NULL,NULL,68,NULL,'Карандаш',NULL,'Печатный центр','http://www.karandash.by/','средний уровень, павильон 410','ООО «Инфоэксперт»',NULL);
INSERT INTO shop (id, id_category, display_name, description, id_time, user_id, title, full_name, slogan, short_desc, web, room, owner_name, highlights) VALUES (65,4,'Мир косметики',NULL,NULL,69,'мир-косметики','Мир косметики',NULL,'Фирменная косметика','http://belita.by/','средний уровень, павильон 411','СП ООО «БЕЛИТА», ЗАО «Витэкс»','качественно, недорого');
INSERT INTO shop (id, id_category, display_name, description, id_time, user_id, title, full_name, slogan, short_desc, web, room, owner_name, highlights) VALUES (66,3,'О`Кей',NULL,NULL,70,'окей','О`Кей',NULL,'Обувь',NULL,'средний уровень, павильон 412','ЧТУП «Два тополя»',NULL);
INSERT INTO shop (id, id_category, display_name, description, id_time, user_id, title, full_name, slogan, short_desc, web, room, owner_name, highlights) VALUES (67,40,'Остров сувениров',NULL,NULL,71,'остров-сувениров','Киоск «Остров сувениров»',NULL,'Изделия народных промыслов. Сувениры.',NULL,'средний уровень, павильон 413','ИП Шафтан В.И.',NULL);
INSERT INTO shop (id, id_category, display_name, description, id_time, user_id, title, full_name, slogan, short_desc, web, room, owner_name, highlights) VALUES (68,5,'Yamamay',NULL,NULL,64,'yamamay','Yamamay',NULL,'Магазин итальянского белья','http://www.yamamay.com/','средний уровень, павильон 407','ООО «Белтренд»',NULL);
INSERT INTO shop (id, id_category, display_name, description, id_time, user_id, title, full_name, slogan, short_desc, web, room, owner_name, highlights) VALUES (69,40,'Вернисаж подарков',NULL,NULL,65,NULL,'Вернисаж подарков',NULL,'Сувениры',NULL,'средний уровень, павильон 408','ЧУП «Страна подарков»',NULL);
INSERT INTO shop (id, id_category, display_name, description, id_time, user_id, title, full_name, slogan, short_desc, web, room, owner_name, highlights) VALUES (70,40,'БелХудожКерамика',NULL,NULL,66,'белкерамика','БелХудожКерамика',NULL,'Керамика, белорусские сувениры.','http://belhudkeramika.by/','средний уровень, павильон 408.1','ОАО «БелХудожКерамика»',NULL);
INSERT INTO shop (id, id_category, display_name, description, id_time, user_id, title, full_name, slogan, short_desc, web, room, owner_name, highlights) VALUES (71,10,'Jumbo',NULL,NULL,67,'jumbo','Jumbo',NULL,'Салон посуды','http://jumbo.by/','средний уровень, павильон 409','ЧТУП «Джамбо»',NULL);
INSERT INTO shop (id, id_category, display_name, description, id_time, user_id, title, full_name, slogan, short_desc, web, room, owner_name, highlights) VALUES (72,2,'ТВОЕ',NULL,NULL,76,'твое','ТВОЕ',NULL,'Одежда','http://tvoe.ru/','средний уровень, павильон 518','ЧУП «Шарм Премьер»',NULL);
INSERT INTO shop (id, id_category, display_name, description, id_time, user_id, title, full_name, slogan, short_desc, web, room, owner_name, highlights) VALUES (73,3,'Rieker',NULL,NULL,77,'rieker','Rieker',NULL,'Немецкая обувь','http://ks-shoes.by/','средний уровень, павильон 519','ЧП «К плюс С»','качество,комфорт,стиль');
INSERT INTO shop (id, id_category, display_name, description, id_time, user_id, title, full_name, slogan, short_desc, web, room, owner_name, highlights) VALUES (74,27,'Белорусский лён',NULL,NULL,78,'лен','Белорусский лён',NULL,'Изделия из льна','http://www.linenmill.by/','средний уровень, павильон 520','РУПТП «Оршанский льнокомбинат»',NULL);
INSERT INTO shop (id, id_category, display_name, description, id_time, user_id, title, full_name, slogan, short_desc, web, room, owner_name, highlights) VALUES (75,25,'Галантэя',NULL,NULL,79,'галантэя','Галантэя',NULL,'Кожгалантерея, зонты','http://www.galanteya.by/','средний уровень, павильон 521','ОАО «Галантэя»',NULL);
INSERT INTO shop (id, id_category, display_name, description, id_time, user_id, title, full_name, slogan, short_desc, web, room, owner_name, highlights) VALUES (76,10,'Бёрнер',NULL,NULL,72,NULL,'Бёрнер',NULL,'Посуда, сувениры','http://boerner.by/','средний уровень, павильон 514','УП «Эфрат-К»','немецкое качество');
INSERT INTO shop (id, id_category, display_name, description, id_time, user_id, title, full_name, slogan, short_desc, web, room, owner_name, highlights) VALUES (77,2,'Nelva',NULL,NULL,73,'nelva','Nelva',NULL,'Женская одежда','http://www.nelva.by/','средний уровень, павильон 515','ООО «НЕЛВА»',NULL);
INSERT INTO shop (id, id_category, display_name, description, id_time, user_id, title, full_name, slogan, short_desc, web, room, owner_name, highlights) VALUES (78,3,'ViTo',NULL,NULL,74,'vito','ViTo','Из Финляндии с теплым приветом','Фирменный магазин обуви','http://www.vito-shoes.ru/','средний уровень, павильон 516','ЧП «Медиамагтрейд»',NULL);
INSERT INTO shop (id, id_category, display_name, description, id_time, user_id, title, full_name, slogan, short_desc, web, room, owner_name, highlights) VALUES (79,4,'Кравт',NULL,NULL,75,'кравт','Кравт',NULL,'Французская косметика','http://www.cravt.by/','средний уровень, павильон 517','ООО «Кравт»',NULL);
INSERT INTO shop (id, id_category, display_name, description, id_time, user_id, title, full_name, slogan, short_desc, web, room, owner_name, highlights) VALUES (80,8,'Радзивилловский',NULL,NULL,85,'радзивилловский','Радзивилловский',NULL,'Универсальный магазин, продукты питания',NULL,'верхний уровень, павильон 202','КУП «Радзивилловский»',NULL);
INSERT INTO shop (id, id_category, display_name, description, id_time, user_id, title, full_name, slogan, short_desc, web, room, owner_name, highlights) VALUES (81,27,'Блакiт',NULL,NULL,84,'блакит','Блакiт',NULL,'Фирменный магазин тканей','http://blakit.by/','верхний уровень, павильон 201б','РУП «БПХО»',NULL);
INSERT INTO shop (id, id_category, display_name, description, id_time, user_id, title, full_name, slogan, short_desc, web, room, owner_name, highlights) VALUES (82,3,'Мегатоп',NULL,NULL,87,'мегатоп','Мегатоп',NULL,'Обувь','http://www.megatop.by/','верхний уровень, павильон 203б','ООО «Мегатоп«',NULL);
INSERT INTO shop (id, id_category, display_name, description, id_time, user_id, title, full_name, slogan, short_desc, web, room, owner_name, highlights) VALUES (83,3,'Axis',NULL,NULL,86,'axis','Axis','То, что нас объединяет','Обувь','http://axismoda.by/','верхний уровень, павильон 203а','ООО «Аксис на Кирова»',NULL);
INSERT INTO shop (id, id_category, display_name, description, id_time, user_id, title, full_name, slogan, short_desc, web, room, owner_name, highlights) VALUES (84,37,'Grand Lon',NULL,NULL,81,'grandlon','Киоск',NULL,'Кофе, чай, кондитерские изделия',NULL,'средний уровень, павильон 523','ООО «Грандлон»',NULL);
INSERT INTO shop (id, id_category, display_name, description, id_time, user_id, title, full_name, slogan, short_desc, web, room, owner_name, highlights) VALUES (85,10,'Неман',NULL,NULL,80,'неман','Неман',NULL,'Стекло, посуда','http://www.neman.by/','средний уровень, павильон 522','ОАО «Стеклозавод \"Неман\"»',NULL);
INSERT INTO shop (id, id_category, display_name, description, id_time, user_id, title, full_name, slogan, short_desc, web, room, owner_name, highlights) VALUES (86,2,'ELIZ',NULL,NULL,83,'eliz','ELIZ',NULL,'Одежда','http://eliz.by','верхний уровень, павильон 201а','ОАО «Дзержинская швейная фабрика \"ЭЛИЗ\"»',NULL);
INSERT INTO shop (id, id_category, display_name, description, id_time, user_id, title, full_name, slogan, short_desc, web, room, owner_name, highlights) VALUES (87,4,'ЕрмакИнвест',NULL,NULL,82,NULL,'Киоск',NULL,'Парфюмерия',NULL,'средний уровень, павильон 528','ООО «ЕрмакИнвест»',NULL);
INSERT INTO shop (id, id_category, display_name, description, id_time, user_id, title, full_name, slogan, short_desc, web, room, owner_name, highlights) VALUES (88,17,'САМ-МАСТЕРС',NULL,NULL,93,'сам-мастерс','САМ-МАСТЕРС',NULL,'Изготовление ключей','http://sam-masters.by/','верхний уровень, павильон 258','ЧП «САМ-МАСТЕРС»',NULL);
INSERT INTO shop (id, id_category, display_name, description, id_time, user_id, title, full_name, slogan, short_desc, web, room, owner_name, highlights) VALUES (89,17,'Ремонт одежды',NULL,NULL,92,'ремонт-одежды','Сервисный центр по ремонту одежды','Быстро, качественно, надежно','Ремонт одежды',NULL,'верхний уровень, павильон 256','ООО «Торговый дом \"Бертон\"»',NULL);
INSERT INTO shop (id, id_category, display_name, description, id_time, user_id, title, full_name, slogan, short_desc, web, room, owner_name, highlights) VALUES (90,16,'маэстро',NULL,NULL,95,'маэстро','Маэстро',NULL,'Кафе-бистро',NULL,'верхний уровень, павильон 301','КУП «Радзивилловский»',NULL);
INSERT INTO shop (id, id_category, display_name, description, id_time, user_id, title, full_name, slogan, short_desc, web, room, owner_name, highlights) VALUES (91,30,'CoffeeBerry',NULL,NULL,94,NULL,'Киоск',NULL,'Торговля мороженым',NULL,'верхний уровень, павильон 276','ООО «КофеБерри»',NULL);
INSERT INTO shop (id, id_category, display_name, description, id_time, user_id, title, full_name, slogan, short_desc, web, room, owner_name, highlights) VALUES (92,41,'Фиджи кофе',NULL,NULL,89,NULL,'Киоск',NULL,'Розничная торговля печатной продукцией',NULL,'верхний уровень, павильон 219.1','ООО «Фиджи-кофе»',NULL);
INSERT INTO shop (id, id_category, display_name, description, id_time, user_id, title, full_name, slogan, short_desc, web, room, owner_name, highlights) VALUES (93,23,'7 карат',NULL,NULL,88,'7karat','7 карат','Мы делаем мир изящнее!','Сеть ювелирных магазинов','http://7karat.by/','верхний уровень, павильон 204','ООО «Платина Столица»',NULL);
INSERT INTO shop (id, id_category, display_name, description, id_time, user_id, title, full_name, slogan, short_desc, web, room, owner_name, highlights) VALUES (94,4,'Дрема',NULL,NULL,91,NULL,'Дрема',NULL,'Косметика',NULL,'верхний уровень, павильон 220','ЧП «Дрема»',NULL);
INSERT INTO shop (id, id_category, display_name, description, id_time, user_id, title, full_name, slogan, short_desc, web, room, owner_name, highlights) VALUES (95,1,'Национальные спортивные лотереи',NULL,NULL,90,NULL,'Киоск',NULL,'Продажа лотерейных билетов',NULL,'верхний уровень, павильон 219.2','РУП «Национальные спортивные лотереи»',NULL);
INSERT INTO shop (id, id_category, display_name, description, id_time, user_id, title, full_name, slogan, short_desc, web, room, owner_name, highlights) VALUES (96,23,'Ziko',NULL,NULL,102,'ziko','Ziko',NULL,'Часы, ювелирные изделия','http://www.ziko.by/','верхний уровень, павильон 306','ИООО «ЗИКО»',NULL);
INSERT INTO shop (id, id_category, display_name, description, id_time, user_id, title, full_name, slogan, short_desc, web, room, owner_name, highlights) VALUES (97,5,'Etam',NULL,NULL,103,'etam','Etam',NULL,'Белье','http://www.etam.com/','верхний уровень, павильон 307','ЧТУП «ТонМедиаТрейд»','лучший уровень обслуживания,внимательны к клиентам,приятные цены');
INSERT INTO shop (id, id_category, display_name, description, id_time, user_id, title, full_name, slogan, short_desc, web, room, owner_name, highlights) VALUES (98,18,'В гостях у солнца',NULL,NULL,100,'солнце','В гостях у солнца',NULL,'Студия загара и красоты','http://solnce.by/','верхний уровень, павильон 304','СПЧУП «Иванов Евгений»',NULL);
INSERT INTO shop (id, id_category, display_name, description, id_time, user_id, title, full_name, slogan, short_desc, web, room, owner_name, highlights) VALUES (99,5,'Serge',NULL,NULL,101,'serge','Serge',NULL,'Белье','http://www.serge-fashion.by/','верхний уровень, павильон 305','ООО «СЕРЖ»',NULL);
INSERT INTO shop (id, id_category, display_name, description, id_time, user_id, title, full_name, slogan, short_desc, web, room, owner_name, highlights) VALUES (100,16,'Good burger',NULL,NULL,98,'good-burger','GooD burger','Вкусно, быстро, надежно','Закусочная на 50 мест',NULL,'верхний уровень, павильон 302','ЧУП «Асторэс»','качественное обслуживание');
INSERT INTO shop (id, id_category, display_name, description, id_time, user_id, title, full_name, slogan, short_desc, web, room, owner_name, highlights) VALUES (101,14,'Шоколэнд',NULL,NULL,99,'шоколэнд','Шоколэнд',NULL,'Кафе на 25 мест',NULL,'верхний уровень, павильон 303','ООО «Грандлон»','детская комната');
INSERT INTO shop (id, id_category, display_name, description, id_time, user_id, title, full_name, slogan, short_desc, web, room, owner_name, highlights) VALUES (102,14,'Юнаки',NULL,NULL,96,'юнаки','Киоск',NULL,'Торговля мороженым и коктейлями',NULL,'верхний уровень, павильон 301.1','ЧТУП «Юнаки»',NULL);
INSERT INTO shop (id, id_category, display_name, description, id_time, user_id, title, full_name, slogan, short_desc, web, room, owner_name, highlights) VALUES (103,30,'Большой феникс',NULL,NULL,97,'феникс','Киоск',NULL,'Торговля попкорном, мороженым, сладостями',NULL,'верхний уровень, павильон 301.2','ОДО «Большой Феникс»',NULL);
INSERT INTO shop (id, id_category, display_name, description, id_time, user_id, title, full_name, slogan, short_desc, web, room, owner_name, highlights) VALUES (104,23,'Police',NULL,NULL,110,'police','Киоск «POLICE»',NULL,'Часы','http://www.ziko.by/','верхний уровень, павильон 333','ИООО «ЗИКО»',NULL);
INSERT INTO shop (id, id_category, display_name, description, id_time, user_id, title, full_name, slogan, short_desc, web, room, owner_name, highlights) VALUES (105,30,'Айриш Кофе',NULL,NULL,111,NULL,'Киоск',NULL,'Сладости',NULL,'верхний уровень, павильон 334','ЧУП «АйришКофе»',NULL);
INSERT INTO shop (id, id_category, display_name, description, id_time, user_id, title, full_name, slogan, short_desc, web, room, owner_name, highlights) VALUES (106,4,'Айриш Кофе',NULL,NULL,108,NULL,'Киоск',NULL,'Косметика',NULL,'верхний уровень, павильон 311','ЧУП «АйришКофе»',NULL);
INSERT INTO shop (id, id_category, display_name, description, id_time, user_id, title, full_name, slogan, short_desc, web, room, owner_name, highlights) VALUES (107,23,'Tissot',NULL,NULL,109,'tissot','Киоск «TISSOT»',NULL,'Часы','http://www.ziko.by/','верхний уровень, павильон 332','ИООО «ЗИКО»',NULL);
INSERT INTO shop (id, id_category, display_name, description, id_time, user_id, title, full_name, slogan, short_desc, web, room, owner_name, highlights) VALUES (108,1,'Белорусские лотереи',NULL,NULL,106,NULL,'Киоск',NULL,'Реализация лотерей, ваше лото',NULL,'верхний уровень, павильон 310','РУП «Белорусские лотереи»',NULL);
INSERT INTO shop (id, id_category, display_name, description, id_time, user_id, title, full_name, slogan, short_desc, web, room, owner_name, highlights) VALUES (109,38,'Bonny',NULL,NULL,107,'bonny','Киоск',NULL,'Украшения с кристаллами Swarowsky','http://jenavi.ru/','верхний уровень, павильон 310.1','ЧТУП «БонниБай»',NULL);
INSERT INTO shop (id, id_category, display_name, description, id_time, user_id, title, full_name, slogan, short_desc, web, room, owner_name, highlights) VALUES (110,40,'Креарт',NULL,NULL,104,'креарт','Киоск',NULL,'Сувениры, открытки',NULL,'верхний уровень, павильон 308','ООО «Креарт»',NULL);
INSERT INTO shop (id, id_category, display_name, description, id_time, user_id, title, full_name, slogan, short_desc, web, room, owner_name, highlights) VALUES (111,25,'Нехай',NULL,NULL,105,NULL,'Киоск',NULL,'Галантерея, кожгалантерея,зонты,бижутерия',NULL,'верхний уровень, павильон 309','ИП Нехай С.И.',NULL);
INSERT INTO shop (id, id_category, display_name, description, id_time, user_id, title, full_name, slogan, short_desc, web, room, owner_name, highlights) VALUES (112,4,'Дрема',NULL,NULL,119,NULL,'Киоск',NULL,'Косметика',NULL,'верхний уровень, павильон 418','ЧП «Дрема»',NULL);
INSERT INTO shop (id, id_category, display_name, description, id_time, user_id, title, full_name, slogan, short_desc, web, room, owner_name, highlights) VALUES (113,30,'Спартак',NULL,NULL,118,'спартак','Спартак',NULL,'Кондитерские изделия','http://www.spartak.by/','верхний уровень, павильон 406','СПОАО «Спартак»',NULL);
INSERT INTO shop (id, id_category, display_name, description, id_time, user_id, title, full_name, slogan, short_desc, web, room, owner_name, highlights) VALUES (114,30,'Коммунарка',NULL,NULL,117,'коммунарка','Коммунарка',NULL,'Кондитерские изделия','http://www.kommunarka.by/','верхний уровень, павильон 406','ОАО «Коммунарка»',NULL);
INSERT INTO shop (id, id_category, display_name, description, id_time, user_id, title, full_name, slogan, short_desc, web, room, owner_name, highlights) VALUES (115,2,'Ареола',NULL,NULL,116,'ареола','Ареола','Мы связаны','Белорусский трикотаж','http://www.areola.biz/','верхний уровень, павильон 405','ООО «Трикотажная фабрика \"Ареола\"»',NULL);
INSERT INTO shop (id, id_category, display_name, description, id_time, user_id, title, full_name, slogan, short_desc, web, room, owner_name, highlights) VALUES (116,2,'Renzo Rinaldi',NULL,NULL,115,'renzo-rinaldi','Renzo Rinaldi',NULL,'Итальянская мужская одежда','http://renzorinaldi.com.ua/','верхний уровень, павильон 404','ЧУП «Осипович»',NULL);
INSERT INTO shop (id, id_category, display_name, description, id_time, user_id, title, full_name, slogan, short_desc, web, room, owner_name, highlights) VALUES (117,23,'Кристалл',NULL,NULL,114,'кристалл','Кристалл',NULL,'Ювелирные изделия','http://www.beluvelirtorg.by','верхний уровень, павильон 403','ОАО «Белювелирторг»',NULL);
INSERT INTO shop (id, id_category, display_name, description, id_time, user_id, title, full_name, slogan, short_desc, web, room, owner_name, highlights) VALUES (118,2,'Promod',NULL,NULL,113,'promod','Promod',NULL,'Молодежная женская одежда','http://www.promod.com/','верхний уровень, павильон 402','ОДО «БелВиринея»',NULL);
INSERT INTO shop (id, id_category, display_name, description, id_time, user_id, title, full_name, slogan, short_desc, web, room, owner_name, highlights) VALUES (119,2,'Springfield',NULL,NULL,112,'springfield','Springfield',NULL,'Одежда','http://fh.by/','верхний уровень, павильон 401','ОДО «БелВиринея»',NULL);
INSERT INTO shop (id, id_category, display_name, description, id_time, user_id, title, full_name, slogan, short_desc, web, room, owner_name, highlights) VALUES (120,12,'Советское шампанское',NULL,NULL,127,'шампанское','Советское шампанское','Благородная традиция','Алкогольная продукция','http://wines.by/','верхний уровень, павильон 508','ОАО «Минский завод игристых вин»',NULL);
INSERT INTO shop (id, id_category, display_name, description, id_time, user_id, title, full_name, slogan, short_desc, web, room, owner_name, highlights) VALUES (121,25,'Mattioli',NULL,NULL,126,'mattioli','Mattioli',NULL,'Кожгалантерея','http://mattioli.by/','верхний уровень, павильон 507','СООО «Маттиоли»',NULL);
INSERT INTO shop (id, id_category, display_name, description, id_time, user_id, title, full_name, slogan, short_desc, web, room, owner_name, highlights) VALUES (122,22,'Евросеть',NULL,NULL,125,'евросеть','Евросеть',NULL,'Цифровая техника','http://euroset.by/','верхний уровень, павильон 506','ИООО «БелЕвросеть»','качественный сервис,мультибренд,техника');
INSERT INTO shop (id, id_category, display_name, description, id_time, user_id, title, full_name, slogan, short_desc, web, room, owner_name, highlights) VALUES (123,19,'Беларусбанк',NULL,NULL,124,NULL,'ф-л «Белжелдор», отд.527/395',NULL,'Отделение банка, инфокиоск',NULL,'верхний уровень, павильон 505','АСБ «Беларусбанк»',NULL);
INSERT INTO shop (id, id_category, display_name, description, id_time, user_id, title, full_name, slogan, short_desc, web, room, owner_name, highlights) VALUES (124,2,'Элема',NULL,NULL,123,'элема','Элема',NULL,'Фирменная женская одежда','http://elema.by/','верхний уровень, павильон 504','ОАО «Элема»',NULL);
INSERT INTO shop (id, id_category, display_name, description, id_time, user_id, title, full_name, slogan, short_desc, web, room, owner_name, highlights) VALUES (125,3,'Белвест',NULL,NULL,122,'белвест','Белвест',NULL,'Фирменный магазин обуви','http://belwest.com/','верхний уровень, павильон 503','СООО «Белвест»',NULL);
INSERT INTO shop (id, id_category, display_name, description, id_time, user_id, title, full_name, slogan, short_desc, web, room, owner_name, highlights) VALUES (126,2,'Nicole & Nicole',NULL,NULL,121,'nicole','Nicole & Nicole','Одежда успешных женщин','Женская одежда','http://nicolestyle.com/','верхний уровень, павильон 502','ЧТУП «Николь Столица»',NULL);
INSERT INTO shop (id, id_category, display_name, description, id_time, user_id, title, full_name, slogan, short_desc, web, room, owner_name, highlights) VALUES (127,19,'Беларусбанк',NULL,NULL,120,NULL,'ф-л «Белжелдор», отд.527/395',NULL,'Отделение банка, инфокиоск',NULL,'верхний уровень, павильон 501','АСБ «Беларусбанк»',NULL);
INSERT INTO shop (id, id_category, display_name, description, id_time, user_id, title, full_name, slogan, short_desc, web, room, owner_name, highlights) VALUES (128,16,'Евразия',NULL,NULL,137,'евразия','Евразия',NULL,'Суши-бар на 50 посетителей','http://evrasia.by/','верхний уровень','Евразия-Холдинг',NULL);
INSERT INTO shop (id, id_category, display_name, description, id_time, user_id, title, full_name, slogan, short_desc, web, room, owner_name, highlights) VALUES (129,23,'В Мире Камня',NULL,NULL,136,'в-мире-камня','В Мире Камня',NULL,'Женские украшения','http://worldstone.by/','верхний уровень, павильон 60-61','ЧТУП «В Мире Камня»',NULL);
INSERT INTO shop (id, id_category, display_name, description, id_time, user_id, title, full_name, slogan, short_desc, web, room, owner_name, highlights) VALUES (130,5,'Мiлавiца',NULL,NULL,139,'милавица','Мiлавiца',NULL,'Фирменный магазин женского белья','http://www.milavitsa.com/','верхний уровень, павильон 74','СП ЗАО «Милавица»',NULL);
INSERT INTO shop (id, id_category, display_name, description, id_time, user_id, title, full_name, slogan, short_desc, web, room, owner_name, highlights) VALUES (131,3,'ShagoVita',NULL,NULL,138,'shagovita','ShagoVita',NULL,'Детская обувь','http://shagovita.by/','верхний уровень','ЗАО «Торговый дом \"ШагоВита\"»',NULL);
INSERT INTO shop (id, id_category, display_name, description, id_time, user_id, title, full_name, slogan, short_desc, web, room, owner_name, highlights) VALUES (132,35,'Face Control',NULL,NULL,141,'face-control','Face Control',NULL,'Сезонные аксессуары',NULL,'верхний уровень',NULL,NULL);
INSERT INTO shop (id, id_category, display_name, description, id_time, user_id, title, full_name, slogan, short_desc, web, room, owner_name, highlights) VALUES (133,46,'Velcom',NULL,NULL,140,'velcom','Velcom',NULL,'Салон подключения Velcom','http://www.velcom.by/','верхний уровень','УП «Велком»',NULL);
INSERT INTO shop (id, id_category, display_name, description, id_time, user_id, title, full_name, slogan, short_desc, web, room, owner_name, highlights) VALUES (134,46,'МТС',NULL,NULL,143,'мтс','МТС',NULL,'Салон подключения МТС','http://www.mts.by/','верхний уровень','СООО «Мобильные ТелеСистемы»',NULL);
INSERT INTO shop (id, id_category, display_name, description, id_time, user_id, title, full_name, slogan, short_desc, web, room, owner_name, highlights) VALUES (135,42,'Ковшель',NULL,NULL,142,NULL,'Киоск',NULL,'Аксессуары для цифровой техники',NULL,'верхний уровень','ИП Ковшель','доступная цена,широкий ассортимент,гарантия до 1 мес');
INSERT INTO shop (id, id_category, display_name, description, id_time, user_id, title, full_name, slogan, short_desc, web, room, owner_name, highlights) VALUES (136,43,'FujiFilm',NULL,NULL,129,'fujifilm','FUJIFILM',NULL,'Цифровая фотолаборатория','http://www.fujifilm.by/','верхний уровень, павильон 510','УП «Фотоимидж»',NULL);
INSERT INTO shop (id, id_category, display_name, description, id_time, user_id, title, full_name, slogan, short_desc, web, room, owner_name, highlights) VALUES (137,2,'Калинка',NULL,NULL,128,'калинка','Калинка',NULL,'Одежда для всей семьи',NULL,'верхний уровень, павильон 509','ЧУП «Калинка Столица»',NULL);
INSERT INTO shop (id, id_category, display_name, description, id_time, user_id, title, full_name, slogan, short_desc, web, room, owner_name, highlights) VALUES (138,36,'Вистапринт',NULL,NULL,131,NULL,'Киоск',NULL,'Услуги по ксерокопированию',NULL,'верхний уровень, павильон 512','ООО «Вистапринт»',NULL);
INSERT INTO shop (id, id_category, display_name, description, id_time, user_id, title, full_name, slogan, short_desc, web, room, owner_name, highlights) VALUES (139,12,'Крышталь',NULL,NULL,130,'крышталь','Крышталь','Вековые традиции качества','Фирменная алкогольная продукция','http://kristal.by/','верхний уровень, павильон 511','РУП «Минск Кристалл»',NULL);
INSERT INTO shop (id, id_category, display_name, description, id_time, user_id, title, full_name, slogan, short_desc, web, room, owner_name, highlights) VALUES (140,39,'Планета подарков',NULL,NULL,133,'planeta-podarkov','Планета подарков',NULL,'Часы','http://planeta-podarkov.by/','верхний уровень, павильон 526','ЧТУП «Планета подарков»','гарантия');
INSERT INTO shop (id, id_category, display_name, description, id_time, user_id, title, full_name, slogan, short_desc, web, room, owner_name, highlights) VALUES (141,41,'БелСоюзПечать',NULL,NULL,132,'белсоюзпечать','Киоск',NULL,'Печатная продукция, газеты, журналы, канцтовары',NULL,'верхний уровень, павильон 513','РУП «БелСоюзПечать»',NULL);
INSERT INTO shop (id, id_category, display_name, description, id_time, user_id, title, full_name, slogan, short_desc, web, room, owner_name, highlights) VALUES (142,41,'Калежан',NULL,NULL,135,'калежан','Киоск',NULL,'Торговля печатной продукцией',NULL,'верхний уровень, павильон 532','ЧТУП «Калежан»',NULL);
INSERT INTO shop (id, id_category, display_name, description, id_time, user_id, title, full_name, slogan, short_desc, web, room, owner_name, highlights) VALUES (143,44,'Дрема',NULL,NULL,134,NULL,'Киоск',NULL,'Канцелярские товары',NULL,'верхний уровень, павильон 529','ЧП «Дрема»',NULL);
INSERT INTO shop (id, id_category, display_name, description, id_time, user_id, title, full_name, slogan, short_desc, web, room, owner_name, highlights) VALUES (144,14,'CoffeeBerry',NULL,NULL,144,'coffeberry','CoffeeBerry','We are the future','Кафе',NULL,'верхний уровень','ООО «КофеБерри»',NULL);
INSERT INTO shop (id, id_category, display_name, description, id_time, user_id, title, full_name, slogan, short_desc, web, room, owner_name, highlights) VALUES (145,4,'Бутик де Франс',NULL,NULL,145,'де-франс','Бутик де Франс','Продаем то, что хорошо покупают','Парфюмерия','http://beltramp.by/','верхний уровень','ПК ООО «БелТРАМП»',NULL);
INSERT INTO shop (id, id_category, display_name, description, id_time, user_id, title, full_name, slogan, short_desc, web, room, owner_name, highlights) VALUES (146,2,'Штучка',NULL,NULL,146,'штучка','Штучка',NULL,'Белорусский трикотаж',NULL,'верхний уровень','ОДО «Энсима»','качество,приемлемые цены,высокий уровень обслуживания,база клиентов');
INSERT INTO shop (id, id_category, display_name, description, id_time, user_id, title, full_name, slogan, short_desc, web, room, owner_name, highlights) VALUES (147,4,'Stenders',NULL,NULL,147,'stenders','Stenders','Со страстью к природе','Косметика ручной работы','http://www.stenders-cosmetics.by/','верхний уровень','ЧТУП «БГ-Трейд»',NULL);
INSERT INTO shop (id, id_category, display_name, description, id_time, user_id, title, full_name, slogan, short_desc, web, room, owner_name, highlights) VALUES (148,23,'585',NULL,NULL,148,'585','585',NULL,'Сеть ювелирных магазинов','http://585.by/','верхний уровень','ЧП «Ювелирная сеть 585»',NULL);
INSERT INTO shop (id, id_category, display_name, description, id_time, user_id, title, full_name, slogan, short_desc, web, room, owner_name, highlights) VALUES (149,38,'Variety',NULL,NULL,149,'variety','Variety',NULL,'Бижутерия и аксессуары','http://v-a.by/','верхний уровень','ООО «ХН2»',NULL);
INSERT INTO shop (id, id_category, display_name, description, id_time, user_id, title, full_name, slogan, short_desc, web, room, owner_name, highlights) VALUES (150,46,'life :)',NULL,NULL,150,'life','life :)',NULL,'Салон подключения life :)','http://www.life.com.by/','верхний уровень','ЗАО «БеСТ»',NULL);

--
-- Dumping data for table `shop_attribute`
--

INSERT INTO shop_attribute (id_shop, id_attribute, id_val) VALUES (1,1,NULL);
INSERT INTO shop_attribute (id_shop, id_attribute, id_val) VALUES (1,4,NULL);
INSERT INTO shop_attribute (id_shop, id_attribute, id_val) VALUES (1,6,NULL);
INSERT INTO shop_attribute (id_shop, id_attribute, id_val) VALUES (2,4,NULL);
INSERT INTO shop_attribute (id_shop, id_attribute, id_val) VALUES (3,4,NULL);
INSERT INTO shop_attribute (id_shop, id_attribute, id_val) VALUES (4,4,NULL);
INSERT INTO shop_attribute (id_shop, id_attribute, id_val) VALUES (5,4,NULL);
INSERT INTO shop_attribute (id_shop, id_attribute, id_val) VALUES (6,1,NULL);
INSERT INTO shop_attribute (id_shop, id_attribute, id_val) VALUES (6,4,NULL);
INSERT INTO shop_attribute (id_shop, id_attribute, id_val) VALUES (6,6,NULL);
INSERT INTO shop_attribute (id_shop, id_attribute, id_val) VALUES (7,4,NULL);
INSERT INTO shop_attribute (id_shop, id_attribute, id_val) VALUES (8,4,NULL);
INSERT INTO shop_attribute (id_shop, id_attribute, id_val) VALUES (9,4,NULL);
INSERT INTO shop_attribute (id_shop, id_attribute, id_val) VALUES (10,1,NULL);
INSERT INTO shop_attribute (id_shop, id_attribute, id_val) VALUES (10,4,NULL);
INSERT INTO shop_attribute (id_shop, id_attribute, id_val) VALUES (10,6,NULL);
INSERT INTO shop_attribute (id_shop, id_attribute, id_val) VALUES (11,4,NULL);
INSERT INTO shop_attribute (id_shop, id_attribute, id_val) VALUES (12,4,NULL);
INSERT INTO shop_attribute (id_shop, id_attribute, id_val) VALUES (13,4,NULL);
INSERT INTO shop_attribute (id_shop, id_attribute, id_val) VALUES (14,4,NULL);
INSERT INTO shop_attribute (id_shop, id_attribute, id_val) VALUES (15,4,NULL);
INSERT INTO shop_attribute (id_shop, id_attribute, id_val) VALUES (16,4,NULL);
INSERT INTO shop_attribute (id_shop, id_attribute, id_val) VALUES (17,4,NULL);
INSERT INTO shop_attribute (id_shop, id_attribute, id_val) VALUES (18,4,NULL);
INSERT INTO shop_attribute (id_shop, id_attribute, id_val) VALUES (19,4,NULL);
INSERT INTO shop_attribute (id_shop, id_attribute, id_val) VALUES (20,4,NULL);
INSERT INTO shop_attribute (id_shop, id_attribute, id_val) VALUES (21,4,NULL);
INSERT INTO shop_attribute (id_shop, id_attribute, id_val) VALUES (22,4,NULL);
INSERT INTO shop_attribute (id_shop, id_attribute, id_val) VALUES (23,4,NULL);
INSERT INTO shop_attribute (id_shop, id_attribute, id_val) VALUES (24,4,NULL);
INSERT INTO shop_attribute (id_shop, id_attribute, id_val) VALUES (25,4,NULL);
INSERT INTO shop_attribute (id_shop, id_attribute, id_val) VALUES (26,4,NULL);
INSERT INTO shop_attribute (id_shop, id_attribute, id_val) VALUES (27,4,NULL);
INSERT INTO shop_attribute (id_shop, id_attribute, id_val) VALUES (28,4,NULL);
INSERT INTO shop_attribute (id_shop, id_attribute, id_val) VALUES (29,4,NULL);
INSERT INTO shop_attribute (id_shop, id_attribute, id_val) VALUES (30,1,NULL);
INSERT INTO shop_attribute (id_shop, id_attribute, id_val) VALUES (30,4,NULL);
INSERT INTO shop_attribute (id_shop, id_attribute, id_val) VALUES (30,6,NULL);
INSERT INTO shop_attribute (id_shop, id_attribute, id_val) VALUES (31,4,NULL);
INSERT INTO shop_attribute (id_shop, id_attribute, id_val) VALUES (32,1,NULL);
INSERT INTO shop_attribute (id_shop, id_attribute, id_val) VALUES (32,4,NULL);
INSERT INTO shop_attribute (id_shop, id_attribute, id_val) VALUES (32,6,NULL);
INSERT INTO shop_attribute (id_shop, id_attribute, id_val) VALUES (33,4,NULL);
INSERT INTO shop_attribute (id_shop, id_attribute, id_val) VALUES (34,4,NULL);
INSERT INTO shop_attribute (id_shop, id_attribute, id_val) VALUES (35,4,NULL);
INSERT INTO shop_attribute (id_shop, id_attribute, id_val) VALUES (36,4,NULL);
INSERT INTO shop_attribute (id_shop, id_attribute, id_val) VALUES (37,4,NULL);
INSERT INTO shop_attribute (id_shop, id_attribute, id_val) VALUES (38,4,NULL);
INSERT INTO shop_attribute (id_shop, id_attribute, id_val) VALUES (39,4,NULL);
INSERT INTO shop_attribute (id_shop, id_attribute, id_val) VALUES (40,1,NULL);
INSERT INTO shop_attribute (id_shop, id_attribute, id_val) VALUES (40,4,NULL);
INSERT INTO shop_attribute (id_shop, id_attribute, id_val) VALUES (41,4,NULL);
INSERT INTO shop_attribute (id_shop, id_attribute, id_val) VALUES (42,4,NULL);
INSERT INTO shop_attribute (id_shop, id_attribute, id_val) VALUES (43,4,NULL);
INSERT INTO shop_attribute (id_shop, id_attribute, id_val) VALUES (44,4,NULL);
INSERT INTO shop_attribute (id_shop, id_attribute, id_val) VALUES (45,4,NULL);
INSERT INTO shop_attribute (id_shop, id_attribute, id_val) VALUES (46,4,NULL);
INSERT INTO shop_attribute (id_shop, id_attribute, id_val) VALUES (47,4,NULL);
INSERT INTO shop_attribute (id_shop, id_attribute, id_val) VALUES (48,4,NULL);
INSERT INTO shop_attribute (id_shop, id_attribute, id_val) VALUES (49,4,NULL);
INSERT INTO shop_attribute (id_shop, id_attribute, id_val) VALUES (50,4,NULL);
INSERT INTO shop_attribute (id_shop, id_attribute, id_val) VALUES (51,4,NULL);
INSERT INTO shop_attribute (id_shop, id_attribute, id_val) VALUES (52,4,NULL);
INSERT INTO shop_attribute (id_shop, id_attribute, id_val) VALUES (53,4,NULL);
INSERT INTO shop_attribute (id_shop, id_attribute, id_val) VALUES (54,4,NULL);
INSERT INTO shop_attribute (id_shop, id_attribute, id_val) VALUES (55,4,NULL);
INSERT INTO shop_attribute (id_shop, id_attribute, id_val) VALUES (55,6,NULL);
INSERT INTO shop_attribute (id_shop, id_attribute, id_val) VALUES (56,4,NULL);
INSERT INTO shop_attribute (id_shop, id_attribute, id_val) VALUES (57,1,NULL);
INSERT INTO shop_attribute (id_shop, id_attribute, id_val) VALUES (57,4,NULL);
INSERT INTO shop_attribute (id_shop, id_attribute, id_val) VALUES (58,4,NULL);
INSERT INTO shop_attribute (id_shop, id_attribute, id_val) VALUES (59,4,NULL);
INSERT INTO shop_attribute (id_shop, id_attribute, id_val) VALUES (60,4,NULL);
INSERT INTO shop_attribute (id_shop, id_attribute, id_val) VALUES (61,4,NULL);
INSERT INTO shop_attribute (id_shop, id_attribute, id_val) VALUES (62,4,NULL);
INSERT INTO shop_attribute (id_shop, id_attribute, id_val) VALUES (63,4,NULL);
INSERT INTO shop_attribute (id_shop, id_attribute, id_val) VALUES (64,1,NULL);
INSERT INTO shop_attribute (id_shop, id_attribute, id_val) VALUES (64,4,NULL);
INSERT INTO shop_attribute (id_shop, id_attribute, id_val) VALUES (64,6,NULL);
INSERT INTO shop_attribute (id_shop, id_attribute, id_val) VALUES (65,4,NULL);
INSERT INTO shop_attribute (id_shop, id_attribute, id_val) VALUES (66,4,NULL);
INSERT INTO shop_attribute (id_shop, id_attribute, id_val) VALUES (67,4,NULL);
INSERT INTO shop_attribute (id_shop, id_attribute, id_val) VALUES (68,4,NULL);
INSERT INTO shop_attribute (id_shop, id_attribute, id_val) VALUES (69,4,NULL);
INSERT INTO shop_attribute (id_shop, id_attribute, id_val) VALUES (70,4,NULL);
INSERT INTO shop_attribute (id_shop, id_attribute, id_val) VALUES (71,4,NULL);
INSERT INTO shop_attribute (id_shop, id_attribute, id_val) VALUES (72,4,NULL);
INSERT INTO shop_attribute (id_shop, id_attribute, id_val) VALUES (73,4,NULL);
INSERT INTO shop_attribute (id_shop, id_attribute, id_val) VALUES (74,4,NULL);
INSERT INTO shop_attribute (id_shop, id_attribute, id_val) VALUES (75,4,NULL);
INSERT INTO shop_attribute (id_shop, id_attribute, id_val) VALUES (76,4,NULL);
INSERT INTO shop_attribute (id_shop, id_attribute, id_val) VALUES (77,4,NULL);
INSERT INTO shop_attribute (id_shop, id_attribute, id_val) VALUES (78,4,NULL);
INSERT INTO shop_attribute (id_shop, id_attribute, id_val) VALUES (79,4,NULL);
INSERT INTO shop_attribute (id_shop, id_attribute, id_val) VALUES (80,4,NULL);
INSERT INTO shop_attribute (id_shop, id_attribute, id_val) VALUES (81,4,NULL);
INSERT INTO shop_attribute (id_shop, id_attribute, id_val) VALUES (82,4,NULL);
INSERT INTO shop_attribute (id_shop, id_attribute, id_val) VALUES (83,4,NULL);
INSERT INTO shop_attribute (id_shop, id_attribute, id_val) VALUES (84,4,NULL);
INSERT INTO shop_attribute (id_shop, id_attribute, id_val) VALUES (85,1,NULL);
INSERT INTO shop_attribute (id_shop, id_attribute, id_val) VALUES (85,4,NULL);
INSERT INTO shop_attribute (id_shop, id_attribute, id_val) VALUES (85,6,NULL);
INSERT INTO shop_attribute (id_shop, id_attribute, id_val) VALUES (86,4,NULL);
INSERT INTO shop_attribute (id_shop, id_attribute, id_val) VALUES (87,4,NULL);
INSERT INTO shop_attribute (id_shop, id_attribute, id_val) VALUES (88,4,NULL);
INSERT INTO shop_attribute (id_shop, id_attribute, id_val) VALUES (89,4,NULL);
INSERT INTO shop_attribute (id_shop, id_attribute, id_val) VALUES (90,4,NULL);
INSERT INTO shop_attribute (id_shop, id_attribute, id_val) VALUES (91,4,NULL);
INSERT INTO shop_attribute (id_shop, id_attribute, id_val) VALUES (92,4,NULL);
INSERT INTO shop_attribute (id_shop, id_attribute, id_val) VALUES (93,4,NULL);
INSERT INTO shop_attribute (id_shop, id_attribute, id_val) VALUES (94,4,NULL);
INSERT INTO shop_attribute (id_shop, id_attribute, id_val) VALUES (94,6,NULL);
INSERT INTO shop_attribute (id_shop, id_attribute, id_val) VALUES (95,4,NULL);
INSERT INTO shop_attribute (id_shop, id_attribute, id_val) VALUES (96,2,NULL);
INSERT INTO shop_attribute (id_shop, id_attribute, id_val) VALUES (96,3,NULL);
INSERT INTO shop_attribute (id_shop, id_attribute, id_val) VALUES (96,4,NULL);
INSERT INTO shop_attribute (id_shop, id_attribute, id_val) VALUES (97,4,NULL);
INSERT INTO shop_attribute (id_shop, id_attribute, id_val) VALUES (98,4,NULL);
INSERT INTO shop_attribute (id_shop, id_attribute, id_val) VALUES (99,4,NULL);
INSERT INTO shop_attribute (id_shop, id_attribute, id_val) VALUES (100,4,NULL);
INSERT INTO shop_attribute (id_shop, id_attribute, id_val) VALUES (101,4,NULL);
INSERT INTO shop_attribute (id_shop, id_attribute, id_val) VALUES (102,4,NULL);
INSERT INTO shop_attribute (id_shop, id_attribute, id_val) VALUES (103,4,NULL);
INSERT INTO shop_attribute (id_shop, id_attribute, id_val) VALUES (104,4,NULL);
INSERT INTO shop_attribute (id_shop, id_attribute, id_val) VALUES (105,4,NULL);
INSERT INTO shop_attribute (id_shop, id_attribute, id_val) VALUES (106,4,NULL);
INSERT INTO shop_attribute (id_shop, id_attribute, id_val) VALUES (107,4,NULL);
INSERT INTO shop_attribute (id_shop, id_attribute, id_val) VALUES (108,4,NULL);
INSERT INTO shop_attribute (id_shop, id_attribute, id_val) VALUES (109,4,NULL);
INSERT INTO shop_attribute (id_shop, id_attribute, id_val) VALUES (109,5,NULL);
INSERT INTO shop_attribute (id_shop, id_attribute, id_val) VALUES (109,6,NULL);
INSERT INTO shop_attribute (id_shop, id_attribute, id_val) VALUES (110,4,NULL);
INSERT INTO shop_attribute (id_shop, id_attribute, id_val) VALUES (111,4,NULL);
INSERT INTO shop_attribute (id_shop, id_attribute, id_val) VALUES (112,4,NULL);
INSERT INTO shop_attribute (id_shop, id_attribute, id_val) VALUES (112,6,NULL);
INSERT INTO shop_attribute (id_shop, id_attribute, id_val) VALUES (113,4,NULL);
INSERT INTO shop_attribute (id_shop, id_attribute, id_val) VALUES (114,4,NULL);
INSERT INTO shop_attribute (id_shop, id_attribute, id_val) VALUES (115,4,NULL);
INSERT INTO shop_attribute (id_shop, id_attribute, id_val) VALUES (116,4,NULL);
INSERT INTO shop_attribute (id_shop, id_attribute, id_val) VALUES (117,3,NULL);
INSERT INTO shop_attribute (id_shop, id_attribute, id_val) VALUES (117,4,NULL);
INSERT INTO shop_attribute (id_shop, id_attribute, id_val) VALUES (118,4,NULL);
INSERT INTO shop_attribute (id_shop, id_attribute, id_val) VALUES (119,4,NULL);
INSERT INTO shop_attribute (id_shop, id_attribute, id_val) VALUES (120,4,NULL);
INSERT INTO shop_attribute (id_shop, id_attribute, id_val) VALUES (121,4,NULL);
INSERT INTO shop_attribute (id_shop, id_attribute, id_val) VALUES (122,4,NULL);
INSERT INTO shop_attribute (id_shop, id_attribute, id_val) VALUES (123,4,NULL);
INSERT INTO shop_attribute (id_shop, id_attribute, id_val) VALUES (124,4,NULL);
INSERT INTO shop_attribute (id_shop, id_attribute, id_val) VALUES (125,4,NULL);
INSERT INTO shop_attribute (id_shop, id_attribute, id_val) VALUES (126,4,NULL);
INSERT INTO shop_attribute (id_shop, id_attribute, id_val) VALUES (127,4,NULL);
INSERT INTO shop_attribute (id_shop, id_attribute, id_val) VALUES (128,1,NULL);
INSERT INTO shop_attribute (id_shop, id_attribute, id_val) VALUES (128,4,NULL);
INSERT INTO shop_attribute (id_shop, id_attribute, id_val) VALUES (129,4,NULL);
INSERT INTO shop_attribute (id_shop, id_attribute, id_val) VALUES (130,4,NULL);
INSERT INTO shop_attribute (id_shop, id_attribute, id_val) VALUES (130,6,NULL);
INSERT INTO shop_attribute (id_shop, id_attribute, id_val) VALUES (131,4,NULL);
INSERT INTO shop_attribute (id_shop, id_attribute, id_val) VALUES (132,4,NULL);
INSERT INTO shop_attribute (id_shop, id_attribute, id_val) VALUES (133,4,NULL);
INSERT INTO shop_attribute (id_shop, id_attribute, id_val) VALUES (134,2,NULL);
INSERT INTO shop_attribute (id_shop, id_attribute, id_val) VALUES (134,4,NULL);
INSERT INTO shop_attribute (id_shop, id_attribute, id_val) VALUES (135,4,NULL);
INSERT INTO shop_attribute (id_shop, id_attribute, id_val) VALUES (136,4,NULL);
INSERT INTO shop_attribute (id_shop, id_attribute, id_val) VALUES (137,4,NULL);
INSERT INTO shop_attribute (id_shop, id_attribute, id_val) VALUES (138,4,NULL);
INSERT INTO shop_attribute (id_shop, id_attribute, id_val) VALUES (139,4,NULL);
INSERT INTO shop_attribute (id_shop, id_attribute, id_val) VALUES (140,4,NULL);
INSERT INTO shop_attribute (id_shop, id_attribute, id_val) VALUES (141,4,NULL);
INSERT INTO shop_attribute (id_shop, id_attribute, id_val) VALUES (142,4,NULL);
INSERT INTO shop_attribute (id_shop, id_attribute, id_val) VALUES (143,4,NULL);
INSERT INTO shop_attribute (id_shop, id_attribute, id_val) VALUES (144,4,NULL);
INSERT INTO shop_attribute (id_shop, id_attribute, id_val) VALUES (145,4,NULL);
INSERT INTO shop_attribute (id_shop, id_attribute, id_val) VALUES (146,4,NULL);
INSERT INTO shop_attribute (id_shop, id_attribute, id_val) VALUES (147,4,NULL);
INSERT INTO shop_attribute (id_shop, id_attribute, id_val) VALUES (147,6,NULL);
INSERT INTO shop_attribute (id_shop, id_attribute, id_val) VALUES (148,2,NULL);
INSERT INTO shop_attribute (id_shop, id_attribute, id_val) VALUES (148,3,NULL);
INSERT INTO shop_attribute (id_shop, id_attribute, id_val) VALUES (148,4,NULL);
INSERT INTO shop_attribute (id_shop, id_attribute, id_val) VALUES (149,4,NULL);
INSERT INTO shop_attribute (id_shop, id_attribute, id_val) VALUES (150,2,NULL);
INSERT INTO shop_attribute (id_shop, id_attribute, id_val) VALUES (150,4,NULL);

--
-- Dumping data for table `shop_tag`
--

INSERT INTO shop_tag (id_shop, id_tag) VALUES (91,1);
INSERT INTO shop_tag (id_shop, id_tag) VALUES (101,1);
INSERT INTO shop_tag (id_shop, id_tag) VALUES (102,1);
INSERT INTO shop_tag (id_shop, id_tag) VALUES (128,1);
INSERT INTO shop_tag (id_shop, id_tag) VALUES (92,2);
INSERT INTO shop_tag (id_shop, id_tag) VALUES (110,2);
INSERT INTO shop_tag (id_shop, id_tag) VALUES (142,2);
INSERT INTO shop_tag (id_shop, id_tag) VALUES (7,3);
INSERT INTO shop_tag (id_shop, id_tag) VALUES (8,3);
INSERT INTO shop_tag (id_shop, id_tag) VALUES (42,3);
INSERT INTO shop_tag (id_shop, id_tag) VALUES (47,3);
INSERT INTO shop_tag (id_shop, id_tag) VALUES (51,3);
INSERT INTO shop_tag (id_shop, id_tag) VALUES (116,3);
INSERT INTO shop_tag (id_shop, id_tag) VALUES (119,3);
INSERT INTO shop_tag (id_shop, id_tag) VALUES (16,4);
INSERT INTO shop_tag (id_shop, id_tag) VALUES (120,5);
INSERT INTO shop_tag (id_shop, id_tag) VALUES (20,6);
INSERT INTO shop_tag (id_shop, id_tag) VALUES (24,6);
INSERT INTO shop_tag (id_shop, id_tag) VALUES (27,6);
INSERT INTO shop_tag (id_shop, id_tag) VALUES (49,6);
INSERT INTO shop_tag (id_shop, id_tag) VALUES (52,6);
INSERT INTO shop_tag (id_shop, id_tag) VALUES (57,6);
INSERT INTO shop_tag (id_shop, id_tag) VALUES (109,6);
INSERT INTO shop_tag (id_shop, id_tag) VALUES (129,6);
INSERT INTO shop_tag (id_shop, id_tag) VALUES (149,6);
INSERT INTO shop_tag (id_shop, id_tag) VALUES (76,7);
INSERT INTO shop_tag (id_shop, id_tag) VALUES (33,8);
INSERT INTO shop_tag (id_shop, id_tag) VALUES (29,9);
INSERT INTO shop_tag (id_shop, id_tag) VALUES (33,10);
INSERT INTO shop_tag (id_shop, id_tag) VALUES (92,11);
INSERT INTO shop_tag (id_shop, id_tag) VALUES (141,11);
INSERT INTO shop_tag (id_shop, id_tag) VALUES (142,11);
INSERT INTO shop_tag (id_shop, id_tag) VALUES (138,12);
INSERT INTO shop_tag (id_shop, id_tag) VALUES (21,13);
INSERT INTO shop_tag (id_shop, id_tag) VALUES (28,13);
INSERT INTO shop_tag (id_shop, id_tag) VALUES (110,13);
INSERT INTO shop_tag (id_shop, id_tag) VALUES (136,14);
INSERT INTO shop_tag (id_shop, id_tag) VALUES (64,15);
INSERT INTO shop_tag (id_shop, id_tag) VALUES (143,16);
INSERT INTO shop_tag (id_shop, id_tag) VALUES (115,17);
INSERT INTO shop_tag (id_shop, id_tag) VALUES (58,18);
INSERT INTO shop_tag (id_shop, id_tag) VALUES (17,19);
INSERT INTO shop_tag (id_shop, id_tag) VALUES (89,20);
INSERT INTO shop_tag (id_shop, id_tag) VALUES (30,21);
INSERT INTO shop_tag (id_shop, id_tag) VALUES (12,22);
INSERT INTO shop_tag (id_shop, id_tag) VALUES (16,22);
INSERT INTO shop_tag (id_shop, id_tag) VALUES (118,22);
INSERT INTO shop_tag (id_shop, id_tag) VALUES (18,23);
INSERT INTO shop_tag (id_shop, id_tag) VALUES (45,23);
INSERT INTO shop_tag (id_shop, id_tag) VALUES (68,23);
INSERT INTO shop_tag (id_shop, id_tag) VALUES (97,23);
INSERT INTO shop_tag (id_shop, id_tag) VALUES (99,23);
INSERT INTO shop_tag (id_shop, id_tag) VALUES (130,23);
INSERT INTO shop_tag (id_shop, id_tag) VALUES (13,24);
INSERT INTO shop_tag (id_shop, id_tag) VALUES (141,25);
INSERT INTO shop_tag (id_shop, id_tag) VALUES (142,25);
INSERT INTO shop_tag (id_shop, id_tag) VALUES (23,26);
INSERT INTO shop_tag (id_shop, id_tag) VALUES (132,26);
INSERT INTO shop_tag (id_shop, id_tag) VALUES (2,27);
INSERT INTO shop_tag (id_shop, id_tag) VALUES (5,28);
INSERT INTO shop_tag (id_shop, id_tag) VALUES (103,29);
INSERT INTO shop_tag (id_shop, id_tag) VALUES (113,29);
INSERT INTO shop_tag (id_shop, id_tag) VALUES (114,29);
INSERT INTO shop_tag (id_shop, id_tag) VALUES (136,30);
INSERT INTO shop_tag (id_shop, id_tag) VALUES (80,31);
INSERT INTO shop_tag (id_shop, id_tag) VALUES (116,32);
INSERT INTO shop_tag (id_shop, id_tag) VALUES (4,33);
INSERT INTO shop_tag (id_shop, id_tag) VALUES (7,33);
INSERT INTO shop_tag (id_shop, id_tag) VALUES (8,33);
INSERT INTO shop_tag (id_shop, id_tag) VALUES (11,33);
INSERT INTO shop_tag (id_shop, id_tag) VALUES (16,33);
INSERT INTO shop_tag (id_shop, id_tag) VALUES (39,33);
INSERT INTO shop_tag (id_shop, id_tag) VALUES (41,33);
INSERT INTO shop_tag (id_shop, id_tag) VALUES (42,33);
INSERT INTO shop_tag (id_shop, id_tag) VALUES (44,33);
INSERT INTO shop_tag (id_shop, id_tag) VALUES (46,33);
INSERT INTO shop_tag (id_shop, id_tag) VALUES (47,33);
INSERT INTO shop_tag (id_shop, id_tag) VALUES (50,33);
INSERT INTO shop_tag (id_shop, id_tag) VALUES (51,33);
INSERT INTO shop_tag (id_shop, id_tag) VALUES (72,33);
INSERT INTO shop_tag (id_shop, id_tag) VALUES (77,33);
INSERT INTO shop_tag (id_shop, id_tag) VALUES (115,33);
INSERT INTO shop_tag (id_shop, id_tag) VALUES (116,33);
INSERT INTO shop_tag (id_shop, id_tag) VALUES (118,33);
INSERT INTO shop_tag (id_shop, id_tag) VALUES (119,33);
INSERT INTO shop_tag (id_shop, id_tag) VALUES (124,33);
INSERT INTO shop_tag (id_shop, id_tag) VALUES (126,33);
INSERT INTO shop_tag (id_shop, id_tag) VALUES (137,33);
INSERT INTO shop_tag (id_shop, id_tag) VALUES (79,34);
INSERT INTO shop_tag (id_shop, id_tag) VALUES (87,34);
INSERT INTO shop_tag (id_shop, id_tag) VALUES (94,34);
INSERT INTO shop_tag (id_shop, id_tag) VALUES (112,34);
INSERT INTO shop_tag (id_shop, id_tag) VALUES (145,34);
INSERT INTO shop_tag (id_shop, id_tag) VALUES (136,35);
INSERT INTO shop_tag (id_shop, id_tag) VALUES (32,36);
INSERT INTO shop_tag (id_shop, id_tag) VALUES (7,37);
INSERT INTO shop_tag (id_shop, id_tag) VALUES (41,37);
INSERT INTO shop_tag (id_shop, id_tag) VALUES (50,37);
INSERT INTO shop_tag (id_shop, id_tag) VALUES (120,38);
INSERT INTO shop_tag (id_shop, id_tag) VALUES (139,38);
INSERT INTO shop_tag (id_shop, id_tag) VALUES (121,39);
INSERT INTO shop_tag (id_shop, id_tag) VALUES (34,40);
INSERT INTO shop_tag (id_shop, id_tag) VALUES (55,40);
INSERT INTO shop_tag (id_shop, id_tag) VALUES (42,41);
INSERT INTO shop_tag (id_shop, id_tag) VALUES (47,41);
INSERT INTO shop_tag (id_shop, id_tag) VALUES (145,41);
INSERT INTO shop_tag (id_shop, id_tag) VALUES (70,42);
INSERT INTO shop_tag (id_shop, id_tag) VALUES (70,43);
INSERT INTO shop_tag (id_shop, id_tag) VALUES (5,44);
INSERT INTO shop_tag (id_shop, id_tag) VALUES (139,45);
INSERT INTO shop_tag (id_shop, id_tag) VALUES (35,46);
INSERT INTO shop_tag (id_shop, id_tag) VALUES (100,46);
INSERT INTO shop_tag (id_shop, id_tag) VALUES (103,47);
INSERT INTO shop_tag (id_shop, id_tag) VALUES (16,48);
INSERT INTO shop_tag (id_shop, id_tag) VALUES (74,49);
INSERT INTO shop_tag (id_shop, id_tag) VALUES (81,49);
INSERT INTO shop_tag (id_shop, id_tag) VALUES (20,51);
INSERT INTO shop_tag (id_shop, id_tag) VALUES (132,51);
INSERT INTO shop_tag (id_shop, id_tag) VALUES (88,52);
INSERT INTO shop_tag (id_shop, id_tag) VALUES (32,53);
INSERT INTO shop_tag (id_shop, id_tag) VALUES (40,54);
INSERT INTO shop_tag (id_shop, id_tag) VALUES (122,54);
INSERT INTO shop_tag (id_shop, id_tag) VALUES (133,54);
INSERT INTO shop_tag (id_shop, id_tag) VALUES (134,54);
INSERT INTO shop_tag (id_shop, id_tag) VALUES (150,54);
INSERT INTO shop_tag (id_shop, id_tag) VALUES (6,55);
INSERT INTO shop_tag (id_shop, id_tag) VALUES (81,56);
INSERT INTO shop_tag (id_shop, id_tag) VALUES (86,57);
INSERT INTO shop_tag (id_shop, id_tag) VALUES (123,58);
INSERT INTO shop_tag (id_shop, id_tag) VALUES (127,58);
INSERT INTO shop_tag (id_shop, id_tag) VALUES (65,59);
INSERT INTO shop_tag (id_shop, id_tag) VALUES (98,59);
INSERT INTO shop_tag (id_shop, id_tag) VALUES (147,59);
INSERT INTO shop_tag (id_shop, id_tag) VALUES (21,60);
INSERT INTO shop_tag (id_shop, id_tag) VALUES (28,60);
INSERT INTO shop_tag (id_shop, id_tag) VALUES (60,61);
INSERT INTO shop_tag (id_shop, id_tag) VALUES (74,62);
INSERT INTO shop_tag (id_shop, id_tag) VALUES (17,63);
INSERT INTO shop_tag (id_shop, id_tag) VALUES (18,63);
INSERT INTO shop_tag (id_shop, id_tag) VALUES (45,63);
INSERT INTO shop_tag (id_shop, id_tag) VALUES (51,63);
INSERT INTO shop_tag (id_shop, id_tag) VALUES (54,63);
INSERT INTO shop_tag (id_shop, id_tag) VALUES (58,63);
INSERT INTO shop_tag (id_shop, id_tag) VALUES (68,63);
INSERT INTO shop_tag (id_shop, id_tag) VALUES (97,63);
INSERT INTO shop_tag (id_shop, id_tag) VALUES (99,63);
INSERT INTO shop_tag (id_shop, id_tag) VALUES (130,63);
INSERT INTO shop_tag (id_shop, id_tag) VALUES (146,63);
INSERT INTO shop_tag (id_shop, id_tag) VALUES (3,64);
INSERT INTO shop_tag (id_shop, id_tag) VALUES (14,64);
INSERT INTO shop_tag (id_shop, id_tag) VALUES (19,64);
INSERT INTO shop_tag (id_shop, id_tag) VALUES (43,64);
INSERT INTO shop_tag (id_shop, id_tag) VALUES (66,64);
INSERT INTO shop_tag (id_shop, id_tag) VALUES (73,64);
INSERT INTO shop_tag (id_shop, id_tag) VALUES (78,64);
INSERT INTO shop_tag (id_shop, id_tag) VALUES (82,64);
INSERT INTO shop_tag (id_shop, id_tag) VALUES (83,64);
INSERT INTO shop_tag (id_shop, id_tag) VALUES (125,64);
INSERT INTO shop_tag (id_shop, id_tag) VALUES (36,65);
INSERT INTO shop_tag (id_shop, id_tag) VALUES (51,65);
INSERT INTO shop_tag (id_shop, id_tag) VALUES (97,66);
INSERT INTO shop_tag (id_shop, id_tag) VALUES (53,67);
INSERT INTO shop_tag (id_shop, id_tag) VALUES (84,67);
INSERT INTO shop_tag (id_shop, id_tag) VALUES (103,67);
INSERT INTO shop_tag (id_shop, id_tag) VALUES (113,67);
INSERT INTO shop_tag (id_shop, id_tag) VALUES (114,67);
INSERT INTO shop_tag (id_shop, id_tag) VALUES (4,68);
INSERT INTO shop_tag (id_shop, id_tag) VALUES (10,69);
INSERT INTO shop_tag (id_shop, id_tag) VALUES (128,69);
INSERT INTO shop_tag (id_shop, id_tag) VALUES (1,70);
INSERT INTO shop_tag (id_shop, id_tag) VALUES (74,71);
INSERT INTO shop_tag (id_shop, id_tag) VALUES (81,71);
INSERT INTO shop_tag (id_shop, id_tag) VALUES (84,72);
INSERT INTO shop_tag (id_shop, id_tag) VALUES (113,72);
INSERT INTO shop_tag (id_shop, id_tag) VALUES (114,72);
INSERT INTO shop_tag (id_shop, id_tag) VALUES (34,73);
INSERT INTO shop_tag (id_shop, id_tag) VALUES (55,73);
INSERT INTO shop_tag (id_shop, id_tag) VALUES (57,74);
INSERT INTO shop_tag (id_shop, id_tag) VALUES (129,74);
INSERT INTO shop_tag (id_shop, id_tag) VALUES (26,75);
INSERT INTO shop_tag (id_shop, id_tag) VALUES (32,75);
INSERT INTO shop_tag (id_shop, id_tag) VALUES (70,75);
INSERT INTO shop_tag (id_shop, id_tag) VALUES (71,75);
INSERT INTO shop_tag (id_shop, id_tag) VALUES (76,75);
INSERT INTO shop_tag (id_shop, id_tag) VALUES (84,75);
INSERT INTO shop_tag (id_shop, id_tag) VALUES (85,75);
INSERT INTO shop_tag (id_shop, id_tag) VALUES (3,76);
INSERT INTO shop_tag (id_shop, id_tag) VALUES (14,76);
INSERT INTO shop_tag (id_shop, id_tag) VALUES (19,76);
INSERT INTO shop_tag (id_shop, id_tag) VALUES (43,76);
INSERT INTO shop_tag (id_shop, id_tag) VALUES (66,76);
INSERT INTO shop_tag (id_shop, id_tag) VALUES (73,76);
INSERT INTO shop_tag (id_shop, id_tag) VALUES (78,76);
INSERT INTO shop_tag (id_shop, id_tag) VALUES (82,76);
INSERT INTO shop_tag (id_shop, id_tag) VALUES (83,76);
INSERT INTO shop_tag (id_shop, id_tag) VALUES (125,76);
INSERT INTO shop_tag (id_shop, id_tag) VALUES (20,77);
INSERT INTO shop_tag (id_shop, id_tag) VALUES (27,77);
INSERT INTO shop_tag (id_shop, id_tag) VALUES (60,77);
INSERT INTO shop_tag (id_shop, id_tag) VALUES (75,77);
INSERT INTO shop_tag (id_shop, id_tag) VALUES (121,77);
INSERT INTO shop_tag (id_shop, id_tag) VALUES (80,78);
INSERT INTO shop_tag (id_shop, id_tag) VALUES (136,79);
INSERT INTO shop_tag (id_shop, id_tag) VALUES (64,80);
INSERT INTO shop_tag (id_shop, id_tag) VALUES (98,81);
INSERT INTO shop_tag (id_shop, id_tag) VALUES (5,82);
INSERT INTO shop_tag (id_shop, id_tag) VALUES (139,83);
INSERT INTO shop_tag (id_shop, id_tag) VALUES (42,84);
INSERT INTO shop_tag (id_shop, id_tag) VALUES (38,85);
INSERT INTO shop_tag (id_shop, id_tag) VALUES (74,86);
INSERT INTO shop_tag (id_shop, id_tag) VALUES (40,87);
INSERT INTO shop_tag (id_shop, id_tag) VALUES (62,87);
INSERT INTO shop_tag (id_shop, id_tag) VALUES (122,87);
INSERT INTO shop_tag (id_shop, id_tag) VALUES (5,88);
INSERT INTO shop_tag (id_shop, id_tag) VALUES (109,89);
INSERT INTO shop_tag (id_shop, id_tag) VALUES (65,90);
INSERT INTO shop_tag (id_shop, id_tag) VALUES (1,91);
INSERT INTO shop_tag (id_shop, id_tag) VALUES (25,91);
INSERT INTO shop_tag (id_shop, id_tag) VALUES (26,91);
INSERT INTO shop_tag (id_shop, id_tag) VALUES (30,91);
INSERT INTO shop_tag (id_shop, id_tag) VALUES (32,91);
INSERT INTO shop_tag (id_shop, id_tag) VALUES (35,91);
INSERT INTO shop_tag (id_shop, id_tag) VALUES (101,91);
INSERT INTO shop_tag (id_shop, id_tag) VALUES (144,91);
INSERT INTO shop_tag (id_shop, id_tag) VALUES (32,92);
INSERT INTO shop_tag (id_shop, id_tag) VALUES (91,93);
INSERT INTO shop_tag (id_shop, id_tag) VALUES (96,94);
INSERT INTO shop_tag (id_shop, id_tag) VALUES (104,94);
INSERT INTO shop_tag (id_shop, id_tag) VALUES (107,94);
INSERT INTO shop_tag (id_shop, id_tag) VALUES (140,94);
INSERT INTO shop_tag (id_shop, id_tag) VALUES (58,95);
INSERT INTO shop_tag (id_shop, id_tag) VALUES (133,96);
INSERT INTO shop_tag (id_shop, id_tag) VALUES (134,96);
INSERT INTO shop_tag (id_shop, id_tag) VALUES (150,96);
INSERT INTO shop_tag (id_shop, id_tag) VALUES (95,97);
INSERT INTO shop_tag (id_shop, id_tag) VALUES (108,97);
INSERT INTO shop_tag (id_shop, id_tag) VALUES (103,98);
INSERT INTO shop_tag (id_shop, id_tag) VALUES (27,99);
INSERT INTO shop_tag (id_shop, id_tag) VALUES (123,100);
INSERT INTO shop_tag (id_shop, id_tag) VALUES (127,100);
INSERT INTO shop_tag (id_shop, id_tag) VALUES (33,101);
INSERT INTO shop_tag (id_shop, id_tag) VALUES (9,102);
INSERT INTO shop_tag (id_shop, id_tag) VALUES (10,103);
INSERT INTO shop_tag (id_shop, id_tag) VALUES (100,103);
INSERT INTO shop_tag (id_shop, id_tag) VALUES (128,103);
INSERT INTO shop_tag (id_shop, id_tag) VALUES (88,104);
INSERT INTO shop_tag (id_shop, id_tag) VALUES (116,105);
INSERT INTO shop_tag (id_shop, id_tag) VALUES (64,106);
INSERT INTO shop_tag (id_shop, id_tag) VALUES (143,107);
INSERT INTO shop_tag (id_shop, id_tag) VALUES (62,108);
INSERT INTO shop_tag (id_shop, id_tag) VALUES (74,109);
INSERT INTO shop_tag (id_shop, id_tag) VALUES (5,110);
INSERT INTO shop_tag (id_shop, id_tag) VALUES (18,111);
INSERT INTO shop_tag (id_shop, id_tag) VALUES (29,112);
INSERT INTO shop_tag (id_shop, id_tag) VALUES (27,113);
INSERT INTO shop_tag (id_shop, id_tag) VALUES (86,113);
INSERT INTO shop_tag (id_shop, id_tag) VALUES (121,113);
INSERT INTO shop_tag (id_shop, id_tag) VALUES (64,114);
INSERT INTO shop_tag (id_shop, id_tag) VALUES (70,115);
INSERT INTO shop_tag (id_shop, id_tag) VALUES (88,116);
INSERT INTO shop_tag (id_shop, id_tag) VALUES (26,117);
INSERT INTO shop_tag (id_shop, id_tag) VALUES (53,117);
INSERT INTO shop_tag (id_shop, id_tag) VALUES (61,117);
INSERT INTO shop_tag (id_shop, id_tag) VALUES (105,117);
INSERT INTO shop_tag (id_shop, id_tag) VALUES (38,118);
INSERT INTO shop_tag (id_shop, id_tag) VALUES (22,119);
INSERT INTO shop_tag (id_shop, id_tag) VALUES (17,120);
INSERT INTO shop_tag (id_shop, id_tag) VALUES (7,121);
INSERT INTO shop_tag (id_shop, id_tag) VALUES (8,121);
INSERT INTO shop_tag (id_shop, id_tag) VALUES (39,121);
INSERT INTO shop_tag (id_shop, id_tag) VALUES (41,121);
INSERT INTO shop_tag (id_shop, id_tag) VALUES (42,121);
INSERT INTO shop_tag (id_shop, id_tag) VALUES (47,121);
INSERT INTO shop_tag (id_shop, id_tag) VALUES (50,121);
INSERT INTO shop_tag (id_shop, id_tag) VALUES (51,121);
INSERT INTO shop_tag (id_shop, id_tag) VALUES (72,121);
INSERT INTO shop_tag (id_shop, id_tag) VALUES (77,121);
INSERT INTO shop_tag (id_shop, id_tag) VALUES (118,121);
INSERT INTO shop_tag (id_shop, id_tag) VALUES (119,121);
INSERT INTO shop_tag (id_shop, id_tag) VALUES (124,121);
INSERT INTO shop_tag (id_shop, id_tag) VALUES (126,121);
INSERT INTO shop_tag (id_shop, id_tag) VALUES (120,122);
INSERT INTO shop_tag (id_shop, id_tag) VALUES (103,123);
INSERT INTO shop_tag (id_shop, id_tag) VALUES (91,124);
INSERT INTO shop_tag (id_shop, id_tag) VALUES (30,125);
INSERT INTO shop_tag (id_shop, id_tag) VALUES (35,125);
INSERT INTO shop_tag (id_shop, id_tag) VALUES (120,126);
INSERT INTO shop_tag (id_shop, id_tag) VALUES (64,127);
INSERT INTO shop_tag (id_shop, id_tag) VALUES (62,128);
INSERT INTO shop_tag (id_shop, id_tag) VALUES (57,129);
INSERT INTO shop_tag (id_shop, id_tag) VALUES (100,130);
INSERT INTO shop_tag (id_shop, id_tag) VALUES (31,131);
INSERT INTO shop_tag (id_shop, id_tag) VALUES (135,131);
INSERT INTO shop_tag (id_shop, id_tag) VALUES (20,132);
INSERT INTO shop_tag (id_shop, id_tag) VALUES (27,132);
INSERT INTO shop_tag (id_shop, id_tag) VALUES (49,132);
INSERT INTO shop_tag (id_shop, id_tag) VALUES (75,132);
INSERT INTO shop_tag (id_shop, id_tag) VALUES (121,132);
INSERT INTO shop_tag (id_shop, id_tag) VALUES (23,133);
INSERT INTO shop_tag (id_shop, id_tag) VALUES (139,134);
INSERT INTO shop_tag (id_shop, id_tag) VALUES (30,135);
INSERT INTO shop_tag (id_shop, id_tag) VALUES (72,136);
INSERT INTO shop_tag (id_shop, id_tag) VALUES (40,137);
INSERT INTO shop_tag (id_shop, id_tag) VALUES (122,137);
INSERT INTO shop_tag (id_shop, id_tag) VALUES (132,138);
INSERT INTO shop_tag (id_shop, id_tag) VALUES (85,139);
INSERT INTO shop_tag (id_shop, id_tag) VALUES (15,140);
INSERT INTO shop_tag (id_shop, id_tag) VALUES (65,140);
INSERT INTO shop_tag (id_shop, id_tag) VALUES (98,141);
INSERT INTO shop_tag (id_shop, id_tag) VALUES (58,142);
INSERT INTO shop_tag (id_shop, id_tag) VALUES (3,143);
INSERT INTO shop_tag (id_shop, id_tag) VALUES (14,143);
INSERT INTO shop_tag (id_shop, id_tag) VALUES (149,144);
INSERT INTO shop_tag (id_shop, id_tag) VALUES (34,145);
INSERT INTO shop_tag (id_shop, id_tag) VALUES (103,146);
INSERT INTO shop_tag (id_shop, id_tag) VALUES (62,147);
INSERT INTO shop_tag (id_shop, id_tag) VALUES (135,147);
INSERT INTO shop_tag (id_shop, id_tag) VALUES (76,148);
INSERT INTO shop_tag (id_shop, id_tag) VALUES (3,149);
INSERT INTO shop_tag (id_shop, id_tag) VALUES (14,149);
INSERT INTO shop_tag (id_shop, id_tag) VALUES (19,149);
INSERT INTO shop_tag (id_shop, id_tag) VALUES (36,149);
INSERT INTO shop_tag (id_shop, id_tag) VALUES (37,149);
INSERT INTO shop_tag (id_shop, id_tag) VALUES (66,149);
INSERT INTO shop_tag (id_shop, id_tag) VALUES (73,149);
INSERT INTO shop_tag (id_shop, id_tag) VALUES (78,149);
INSERT INTO shop_tag (id_shop, id_tag) VALUES (82,149);
INSERT INTO shop_tag (id_shop, id_tag) VALUES (83,149);
INSERT INTO shop_tag (id_shop, id_tag) VALUES (125,149);
INSERT INTO shop_tag (id_shop, id_tag) VALUES (131,149);
INSERT INTO shop_tag (id_shop, id_tag) VALUES (4,150);
INSERT INTO shop_tag (id_shop, id_tag) VALUES (13,150);
INSERT INTO shop_tag (id_shop, id_tag) VALUES (17,150);
INSERT INTO shop_tag (id_shop, id_tag) VALUES (76,151);
INSERT INTO shop_tag (id_shop, id_tag) VALUES (20,152);
INSERT INTO shop_tag (id_shop, id_tag) VALUES (75,152);
INSERT INTO shop_tag (id_shop, id_tag) VALUES (111,152);
INSERT INTO shop_tag (id_shop, id_tag) VALUES (132,152);
INSERT INTO shop_tag (id_shop, id_tag) VALUES (23,153);
INSERT INTO shop_tag (id_shop, id_tag) VALUES (51,153);
INSERT INTO shop_tag (id_shop, id_tag) VALUES (57,154);
INSERT INTO shop_tag (id_shop, id_tag) VALUES (36,155);
INSERT INTO shop_tag (id_shop, id_tag) VALUES (51,155);
INSERT INTO shop_tag (id_shop, id_tag) VALUES (58,155);
INSERT INTO shop_tag (id_shop, id_tag) VALUES (93,156);
INSERT INTO shop_tag (id_shop, id_tag) VALUES (96,156);
INSERT INTO shop_tag (id_shop, id_tag) VALUES (109,156);
INSERT INTO shop_tag (id_shop, id_tag) VALUES (117,156);
INSERT INTO shop_tag (id_shop, id_tag) VALUES (148,156);
INSERT INTO shop_tag (id_shop, id_tag) VALUES (147,157);
INSERT INTO shop_tag (id_shop, id_tag) VALUES (17,158);
INSERT INTO shop_tag (id_shop, id_tag) VALUES (5,159);
INSERT INTO shop_tag (id_shop, id_tag) VALUES (22,159);
INSERT INTO shop_tag (id_shop, id_tag) VALUES (29,159);
INSERT INTO shop_tag (id_shop, id_tag) VALUES (97,160);
INSERT INTO shop_tag (id_shop, id_tag) VALUES (130,160);
INSERT INTO shop_tag (id_shop, id_tag) VALUES (98,161);
INSERT INTO shop_tag (id_shop, id_tag) VALUES (11,162);
INSERT INTO shop_tag (id_shop, id_tag) VALUES (65,163);
INSERT INTO shop_tag (id_shop, id_tag) VALUES (98,163);
INSERT INTO shop_tag (id_shop, id_tag) VALUES (147,163);
INSERT INTO shop_tag (id_shop, id_tag) VALUES (29,164);
INSERT INTO shop_tag (id_shop, id_tag) VALUES (18,165);
INSERT INTO shop_tag (id_shop, id_tag) VALUES (18,166);
INSERT INTO shop_tag (id_shop, id_tag) VALUES (99,166);
INSERT INTO shop_tag (id_shop, id_tag) VALUES (57,167);
INSERT INTO shop_tag (id_shop, id_tag) VALUES (101,168);
INSERT INTO shop_tag (id_shop, id_tag) VALUES (29,169);
INSERT INTO shop_tag (id_shop, id_tag) VALUES (17,170);
INSERT INTO shop_tag (id_shop, id_tag) VALUES (54,170);
INSERT INTO shop_tag (id_shop, id_tag) VALUES (86,170);
INSERT INTO shop_tag (id_shop, id_tag) VALUES (99,170);
INSERT INTO shop_tag (id_shop, id_tag) VALUES (130,170);
INSERT INTO shop_tag (id_shop, id_tag) VALUES (146,170);
INSERT INTO shop_tag (id_shop, id_tag) VALUES (139,171);
INSERT INTO shop_tag (id_shop, id_tag) VALUES (110,172);
INSERT INTO shop_tag (id_shop, id_tag) VALUES (68,173);
INSERT INTO shop_tag (id_shop, id_tag) VALUES (99,173);
INSERT INTO shop_tag (id_shop, id_tag) VALUES (25,174);
INSERT INTO shop_tag (id_shop, id_tag) VALUES (101,175);
INSERT INTO shop_tag (id_shop, id_tag) VALUES (92,176);
INSERT INTO shop_tag (id_shop, id_tag) VALUES (141,176);
INSERT INTO shop_tag (id_shop, id_tag) VALUES (142,176);
INSERT INTO shop_tag (id_shop, id_tag) VALUES (85,177);
INSERT INTO shop_tag (id_shop, id_tag) VALUES (86,178);
INSERT INTO shop_tag (id_shop, id_tag) VALUES (32,179);
INSERT INTO shop_tag (id_shop, id_tag) VALUES (34,179);
INSERT INTO shop_tag (id_shop, id_tag) VALUES (94,179);
INSERT INTO shop_tag (id_shop, id_tag) VALUES (110,179);
INSERT INTO shop_tag (id_shop, id_tag) VALUES (112,179);
INSERT INTO shop_tag (id_shop, id_tag) VALUES (113,179);
INSERT INTO shop_tag (id_shop, id_tag) VALUES (114,179);
INSERT INTO shop_tag (id_shop, id_tag) VALUES (17,180);
INSERT INTO shop_tag (id_shop, id_tag) VALUES (20,181);
INSERT INTO shop_tag (id_shop, id_tag) VALUES (49,181);
INSERT INTO shop_tag (id_shop, id_tag) VALUES (51,181);
INSERT INTO shop_tag (id_shop, id_tag) VALUES (56,181);
INSERT INTO shop_tag (id_shop, id_tag) VALUES (75,181);
INSERT INTO shop_tag (id_shop, id_tag) VALUES (86,181);
INSERT INTO shop_tag (id_shop, id_tag) VALUES (111,181);
INSERT INTO shop_tag (id_shop, id_tag) VALUES (136,182);
INSERT INTO shop_tag (id_shop, id_tag) VALUES (35,183);
INSERT INTO shop_tag (id_shop, id_tag) VALUES (61,183);
INSERT INTO shop_tag (id_shop, id_tag) VALUES (91,183);
INSERT INTO shop_tag (id_shop, id_tag) VALUES (101,183);
INSERT INTO shop_tag (id_shop, id_tag) VALUES (102,183);
INSERT INTO shop_tag (id_shop, id_tag) VALUES (10,184);
INSERT INTO shop_tag (id_shop, id_tag) VALUES (25,184);
INSERT INTO shop_tag (id_shop, id_tag) VALUES (128,184);
INSERT INTO shop_tag (id_shop, id_tag) VALUES (23,185);
INSERT INTO shop_tag (id_shop, id_tag) VALUES (115,186);
INSERT INTO shop_tag (id_shop, id_tag) VALUES (147,187);
INSERT INTO shop_tag (id_shop, id_tag) VALUES (18,188);
INSERT INTO shop_tag (id_shop, id_tag) VALUES (130,188);
INSERT INTO shop_tag (id_shop, id_tag) VALUES (57,189);
INSERT INTO shop_tag (id_shop, id_tag) VALUES (93,189);
INSERT INTO shop_tag (id_shop, id_tag) VALUES (117,189);
INSERT INTO shop_tag (id_shop, id_tag) VALUES (148,189);
INSERT INTO shop_tag (id_shop, id_tag) VALUES (117,190);
INSERT INTO shop_tag (id_shop, id_tag) VALUES (33,191);
INSERT INTO shop_tag (id_shop, id_tag) VALUES (32,192);
INSERT INTO shop_tag (id_shop, id_tag) VALUES (5,193);
INSERT INTO shop_tag (id_shop, id_tag) VALUES (90,194);
INSERT INTO shop_tag (id_shop, id_tag) VALUES (10,195);
INSERT INTO shop_tag (id_shop, id_tag) VALUES (25,195);
INSERT INTO shop_tag (id_shop, id_tag) VALUES (30,195);
INSERT INTO shop_tag (id_shop, id_tag) VALUES (35,195);
INSERT INTO shop_tag (id_shop, id_tag) VALUES (76,196);
INSERT INTO shop_tag (id_shop, id_tag) VALUES (103,197);
INSERT INTO shop_tag (id_shop, id_tag) VALUES (113,197);
INSERT INTO shop_tag (id_shop, id_tag) VALUES (114,197);
INSERT INTO shop_tag (id_shop, id_tag) VALUES (33,198);
INSERT INTO shop_tag (id_shop, id_tag) VALUES (13,199);
INSERT INTO shop_tag (id_shop, id_tag) VALUES (14,199);
INSERT INTO shop_tag (id_shop, id_tag) VALUES (19,199);
INSERT INTO shop_tag (id_shop, id_tag) VALUES (131,199);
INSERT INTO shop_tag (id_shop, id_tag) VALUES (74,200);
INSERT INTO shop_tag (id_shop, id_tag) VALUES (132,201);
INSERT INTO shop_tag (id_shop, id_tag) VALUES (21,202);
INSERT INTO shop_tag (id_shop, id_tag) VALUES (28,202);
INSERT INTO shop_tag (id_shop, id_tag) VALUES (34,202);
INSERT INTO shop_tag (id_shop, id_tag) VALUES (48,202);
INSERT INTO shop_tag (id_shop, id_tag) VALUES (55,202);
INSERT INTO shop_tag (id_shop, id_tag) VALUES (59,202);
INSERT INTO shop_tag (id_shop, id_tag) VALUES (67,202);
INSERT INTO shop_tag (id_shop, id_tag) VALUES (69,202);
INSERT INTO shop_tag (id_shop, id_tag) VALUES (71,202);
INSERT INTO shop_tag (id_shop, id_tag) VALUES (110,202);
INSERT INTO shop_tag (id_shop, id_tag) VALUES (140,202);
INSERT INTO shop_tag (id_shop, id_tag) VALUES (63,203);
INSERT INTO shop_tag (id_shop, id_tag) VALUES (65,203);
INSERT INTO shop_tag (id_shop, id_tag) VALUES (79,203);
INSERT INTO shop_tag (id_shop, id_tag) VALUES (87,203);
INSERT INTO shop_tag (id_shop, id_tag) VALUES (94,203);
INSERT INTO shop_tag (id_shop, id_tag) VALUES (98,203);
INSERT INTO shop_tag (id_shop, id_tag) VALUES (106,203);
INSERT INTO shop_tag (id_shop, id_tag) VALUES (112,203);
INSERT INTO shop_tag (id_shop, id_tag) VALUES (145,203);
INSERT INTO shop_tag (id_shop, id_tag) VALUES (147,203);
INSERT INTO shop_tag (id_shop, id_tag) VALUES (5,204);
INSERT INTO shop_tag (id_shop, id_tag) VALUES (28,205);
INSERT INTO shop_tag (id_shop, id_tag) VALUES (34,205);
INSERT INTO shop_tag (id_shop, id_tag) VALUES (48,205);
INSERT INTO shop_tag (id_shop, id_tag) VALUES (55,205);
INSERT INTO shop_tag (id_shop, id_tag) VALUES (59,205);
INSERT INTO shop_tag (id_shop, id_tag) VALUES (67,205);
INSERT INTO shop_tag (id_shop, id_tag) VALUES (69,205);
INSERT INTO shop_tag (id_shop, id_tag) VALUES (71,205);
INSERT INTO shop_tag (id_shop, id_tag) VALUES (92,205);
INSERT INTO shop_tag (id_shop, id_tag) VALUES (110,205);
INSERT INTO shop_tag (id_shop, id_tag) VALUES (142,205);
INSERT INTO shop_tag (id_shop, id_tag) VALUES (9,206);
INSERT INTO shop_tag (id_shop, id_tag) VALUES (40,206);
INSERT INTO shop_tag (id_shop, id_tag) VALUES (62,206);
INSERT INTO shop_tag (id_shop, id_tag) VALUES (122,206);
INSERT INTO shop_tag (id_shop, id_tag) VALUES (26,207);
INSERT INTO shop_tag (id_shop, id_tag) VALUES (32,207);
INSERT INTO shop_tag (id_shop, id_tag) VALUES (84,207);
INSERT INTO shop_tag (id_shop, id_tag) VALUES (97,208);
INSERT INTO shop_tag (id_shop, id_tag) VALUES (12,209);
INSERT INTO shop_tag (id_shop, id_tag) VALUES (37,209);
INSERT INTO shop_tag (id_shop, id_tag) VALUES (144,210);
INSERT INTO shop_tag (id_shop, id_tag) VALUES (10,211);
INSERT INTO shop_tag (id_shop, id_tag) VALUES (120,212);
INSERT INTO shop_tag (id_shop, id_tag) VALUES (23,213);
INSERT INTO shop_tag (id_shop, id_tag) VALUES (132,213);
INSERT INTO shop_tag (id_shop, id_tag) VALUES (17,214);
INSERT INTO shop_tag (id_shop, id_tag) VALUES (40,215);
INSERT INTO shop_tag (id_shop, id_tag) VALUES (70,216);
INSERT INTO shop_tag (id_shop, id_tag) VALUES (74,217);
INSERT INTO shop_tag (id_shop, id_tag) VALUES (81,217);
INSERT INTO shop_tag (id_shop, id_tag) VALUES (15,218);
INSERT INTO shop_tag (id_shop, id_tag) VALUES (9,219);
INSERT INTO shop_tag (id_shop, id_tag) VALUES (62,219);
INSERT INTO shop_tag (id_shop, id_tag) VALUES (6,220);
INSERT INTO shop_tag (id_shop, id_tag) VALUES (9,220);
INSERT INTO shop_tag (id_shop, id_tag) VALUES (31,220);
INSERT INTO shop_tag (id_shop, id_tag) VALUES (36,220);
INSERT INTO shop_tag (id_shop, id_tag) VALUES (122,220);
INSERT INTO shop_tag (id_shop, id_tag) VALUES (133,220);
INSERT INTO shop_tag (id_shop, id_tag) VALUES (135,220);

--
-- Dumping data for table `contact`
--

INSERT INTO contact (id_shop, type, value) VALUES (1,'e-mail','CoffeeLifeMinsk@yandex.ru');
INSERT INTO contact (id_shop, type, value) VALUES (1,'Velcom','+375 29 9874959');
INSERT INTO contact (id_shop, type, value) VALUES (1,'Velcom','+375 29 6567606');
INSERT INTO contact (id_shop, type, value) VALUES (1,'МТС','+375 29 2757606');
INSERT INTO contact (id_shop, type, value) VALUES (2,'телефон','+375 17 3272934');
INSERT INTO contact (id_shop, type, value) VALUES (3,'Velcom','+375 29 3697105');
INSERT INTO contact (id_shop, type, value) VALUES (4,'телефон','+375 17 2891308');
INSERT INTO contact (id_shop, type, value) VALUES (5,'Velcom','+375 44 7515505');
INSERT INTO contact (id_shop, type, value) VALUES (5,'МТС','+375 29 7517505');
INSERT INTO contact (id_shop, type, value) VALUES (6,'Skype','sigaretnet.by');
INSERT INTO contact (id_shop, type, value) VALUES (6,'e-mail','sigarentnetby@gmail.com');
INSERT INTO contact (id_shop, type, value) VALUES (6,'Velcom','+375 29 3843987');
INSERT INTO contact (id_shop, type, value) VALUES (6,'МТС','+375 33 3303967');
INSERT INTO contact (id_shop, type, value) VALUES (7,'телефон','3272234');
INSERT INTO contact (id_shop, type, value) VALUES (7,'Velcom','+375 44 7838888');
INSERT INTO contact (id_shop, type, value) VALUES (8,'телефон','+375 17 2202610');
INSERT INTO contact (id_shop, type, value) VALUES (9,'МТС','+375 29 7574848');
INSERT INTO contact (id_shop, type, value) VALUES (11,'телефон','+375 17 2260269');
INSERT INTO contact (id_shop, type, value) VALUES (11,'телефон','2260269');
INSERT INTO contact (id_shop, type, value) VALUES (11,'Velcom','+375 29 6631808');
INSERT INTO contact (id_shop, type, value) VALUES (12,'e-mail','gadilla@mail.ru');
INSERT INTO contact (id_shop, type, value) VALUES (12,'Velcom','+375 29 6445264');
INSERT INTO contact (id_shop, type, value) VALUES (13,'Velcom','+375 29 3697105');
INSERT INTO contact (id_shop, type, value) VALUES (14,'телефон','+375 17 3969733');
INSERT INTO contact (id_shop, type, value) VALUES (14,'e-mail','info@ecco-belros.by');
INSERT INTO contact (id_shop, type, value) VALUES (15,'МТС','+375 33 6697594');
INSERT INTO contact (id_shop, type, value) VALUES (16,'телефон','3271109');
INSERT INTO contact (id_shop, type, value) VALUES (16,'телефон','3285781');
INSERT INTO contact (id_shop, type, value) VALUES (17,'телефон','3276211');
INSERT INTO contact (id_shop, type, value) VALUES (17,'e-mail','office@svitanak.by');
INSERT INTO contact (id_shop, type, value) VALUES (19,'Velcom','+375 44 7504272');
INSERT INTO contact (id_shop, type, value) VALUES (22,'Velcom','+375 29 6800946');
INSERT INTO contact (id_shop, type, value) VALUES (24,'телефон','+375 17 3272955');
INSERT INTO contact (id_shop, type, value) VALUES (25,'телефон','2891935');
INSERT INTO contact (id_shop, type, value) VALUES (25,'телефон','6115470');
INSERT INTO contact (id_shop, type, value) VALUES (27,'телефон','+375 17 3272955');
INSERT INTO contact (id_shop, type, value) VALUES (29,'e-mail','+375 (044) 5870008');
INSERT INTO contact (id_shop, type, value) VALUES (29,'Velcom','+375 44 5870008');
INSERT INTO contact (id_shop, type, value) VALUES (29,'skype','+375 (044) 5870008');
INSERT INTO contact (id_shop, type, value) VALUES (30,'телефон','+375 17 2264286');
INSERT INTO contact (id_shop, type, value) VALUES (30,'e-mail','info@tortdolce.by');
INSERT INTO contact (id_shop, type, value) VALUES (30,'Velcom','+375 44 7223377');
INSERT INTO contact (id_shop, type, value) VALUES (30,'МТС','+375 33 6666601');
INSERT INTO contact (id_shop, type, value) VALUES (32,'e-mail','express@bungalow.by');
INSERT INTO contact (id_shop, type, value) VALUES (32,'Velcom','+375 29 1611611');
INSERT INTO contact (id_shop, type, value) VALUES (33,'телефон','3270467');
INSERT INTO contact (id_shop, type, value) VALUES (33,'телефон','+375 17 3273783');
INSERT INTO contact (id_shop, type, value) VALUES (33,'телефон','+375 17 3274257');
INSERT INTO contact (id_shop, type, value) VALUES (33,'телефон','+375 17 3273765');
INSERT INTO contact (id_shop, type, value) VALUES (33,'Velcom','+375 44 5859630');
INSERT INTO contact (id_shop, type, value) VALUES (33,'МТС','+375 33 3002097');
INSERT INTO contact (id_shop, type, value) VALUES (34,'Velcom','+375 29 1091069');
INSERT INTO contact (id_shop, type, value) VALUES (35,'телефон','3272923');
INSERT INTO contact (id_shop, type, value) VALUES (36,'телефон','+375 17 2202549');
INSERT INTO contact (id_shop, type, value) VALUES (37,'телефон','3212352');
INSERT INTO contact (id_shop, type, value) VALUES (37,'Velcom','+375 29 3966608');
INSERT INTO contact (id_shop, type, value) VALUES (38,'телефон','3274027');
INSERT INTO contact (id_shop, type, value) VALUES (38,'телефон','+375 17 3273528');
INSERT INTO contact (id_shop, type, value) VALUES (39,'телефон','3273431');
INSERT INTO contact (id_shop, type, value) VALUES (40,'Velcom','+375 29 1130842');
INSERT INTO contact (id_shop, type, value) VALUES (40,'МТС','+375 29 5735483');
INSERT INTO contact (id_shop, type, value) VALUES (41,'телефон','3284521');
INSERT INTO contact (id_shop, type, value) VALUES (41,'телефон','3284552');
INSERT INTO contact (id_shop, type, value) VALUES (41,'телефон','3284614');
INSERT INTO contact (id_shop, type, value) VALUES (42,'e-mail','retail@westerly.by');
INSERT INTO contact (id_shop, type, value) VALUES (43,'телефон','+375 17 3212352');
INSERT INTO contact (id_shop, type, value) VALUES (44,'телефон','3212470');
INSERT INTO contact (id_shop, type, value) VALUES (44,'телефон','3212475');
INSERT INTO contact (id_shop, type, value) VALUES (44,'телефон','3212476');
INSERT INTO contact (id_shop, type, value) VALUES (45,'телефон','3212472');
INSERT INTO contact (id_shop, type, value) VALUES (47,'телефон','3284553');
INSERT INTO contact (id_shop, type, value) VALUES (48,'директор','+375 29 6732239');
INSERT INTO contact (id_shop, type, value) VALUES (50,'телефон','3272857');
INSERT INTO contact (id_shop, type, value) VALUES (50,'телефон','3272415');
INSERT INTO contact (id_shop, type, value) VALUES (51,'Velcom','+375 29 1074995');
INSERT INTO contact (id_shop, type, value) VALUES (55,'Velcom','+375 29 6386779');
INSERT INTO contact (id_shop, type, value) VALUES (57,'МТС','+375 33 3006817');
INSERT INTO contact (id_shop, type, value) VALUES (60,'телефон','3212349');
INSERT INTO contact (id_shop, type, value) VALUES (62,'Velcom','+375 29 6707023');
INSERT INTO contact (id_shop, type, value) VALUES (62,'МТС','+375 29 6707023');
INSERT INTO contact (id_shop, type, value) VALUES (63,'Velcom','+375 29 6072324');
INSERT INTO contact (id_shop, type, value) VALUES (64,'телефон','+375 17 3290290');
INSERT INTO contact (id_shop, type, value) VALUES (64,'телефон','2261551');
INSERT INTO contact (id_shop, type, value) VALUES (64,'e-mail','3290290@karandash.by');
INSERT INTO contact (id_shop, type, value) VALUES (64,'e-mail','294@karandash.by');
INSERT INTO contact (id_shop, type, value) VALUES (65,'телефон','2260487');
INSERT INTO contact (id_shop, type, value) VALUES (66,'телефон','2891300');
INSERT INTO contact (id_shop, type, value) VALUES (68,'телефон','3212471');
INSERT INTO contact (id_shop, type, value) VALUES (69,'телефон','2891372');
INSERT INTO contact (id_shop, type, value) VALUES (70,'телефон','2260879');
INSERT INTO contact (id_shop, type, value) VALUES (72,'телефон','2202549');
INSERT INTO contact (id_shop, type, value) VALUES (73,'life','+375 25 6922312');
INSERT INTO contact (id_shop, type, value) VALUES (74,'телефон','3271305');
INSERT INTO contact (id_shop, type, value) VALUES (75,'e-mail','+375  2891375');
INSERT INTO contact (id_shop, type, value) VALUES (75,'e-mail','info@galanteya.by');
INSERT INTO contact (id_shop, type, value) VALUES (77,'телефон','3270053');
INSERT INTO contact (id_shop, type, value) VALUES (77,'Velcom','+375 44 5901102');
INSERT INTO contact (id_shop, type, value) VALUES (78,'телефон','3277408');
INSERT INTO contact (id_shop, type, value) VALUES (78,'Velcom','+375 44 5407940');
INSERT INTO contact (id_shop, type, value) VALUES (79,'Velcom','+375 29 1484053');
INSERT INTO contact (id_shop, type, value) VALUES (80,'телефон','3276265');
INSERT INTO contact (id_shop, type, value) VALUES (80,'телефон','3276347');
INSERT INTO contact (id_shop, type, value) VALUES (81,'телефон','3212014');
INSERT INTO contact (id_shop, type, value) VALUES (81,'телефон','3212017');
INSERT INTO contact (id_shop, type, value) VALUES (82,'телефон','3274148');
INSERT INTO contact (id_shop, type, value) VALUES (83,'телефон','3272279');
INSERT INTO contact (id_shop, type, value) VALUES (85,'телефон','2891398');
INSERT INTO contact (id_shop, type, value) VALUES (85,'телефон','2891997');
INSERT INTO contact (id_shop, type, value) VALUES (86,'телефон','3212013');
INSERT INTO contact (id_shop, type, value) VALUES (86,'e-mail','stolica@eliz.by');
INSERT INTO contact (id_shop, type, value) VALUES (88,'e-mail','info@sam-masters.by');
INSERT INTO contact (id_shop, type, value) VALUES (88,'МТС','+375 29 5000675');
INSERT INTO contact (id_shop, type, value) VALUES (89,'Velcom','+375 44 7918741');
INSERT INTO contact (id_shop, type, value) VALUES (90,'телефон','3276026');
INSERT INTO contact (id_shop, type, value) VALUES (93,'телефон','3618310');
INSERT INTO contact (id_shop, type, value) VALUES (94,'e-mail','wek211@ya.ru');
INSERT INTO contact (id_shop, type, value) VALUES (96,'телефон','3273997');
INSERT INTO contact (id_shop, type, value) VALUES (96,'телефон','3275116');
INSERT INTO contact (id_shop, type, value) VALUES (97,'Velcom','+375 29 6606497');
INSERT INTO contact (id_shop, type, value) VALUES (98,'телефон','3271170');
INSERT INTO contact (id_shop, type, value) VALUES (98,'Velcom','+375 44 7010001');
INSERT INTO contact (id_shop, type, value) VALUES (99,'телефон','+375 17 2891205');
INSERT INTO contact (id_shop, type, value) VALUES (99,'телефон','+375 17 3271964');
INSERT INTO contact (id_shop, type, value) VALUES (99,'телефон','+375 17 3271309');
INSERT INTO contact (id_shop, type, value) VALUES (100,'Velcom','+375 44 7774555');
INSERT INTO contact (id_shop, type, value) VALUES (101,'телефон','2891290');
INSERT INTO contact (id_shop, type, value) VALUES (110,'Velcom','+375 29 3030500');
INSERT INTO contact (id_shop, type, value) VALUES (112,'e-mail','wek211@ya.ru');
INSERT INTO contact (id_shop, type, value) VALUES (113,'телефон','+375 17 2891945');
INSERT INTO contact (id_shop, type, value) VALUES (114,'телефон','2891520');
INSERT INTO contact (id_shop, type, value) VALUES (115,'телефон','3272039');
INSERT INTO contact (id_shop, type, value) VALUES (115,'e-mail','im@areola.biz');
INSERT INTO contact (id_shop, type, value) VALUES (115,'Velcom','+375 44 7686921');
INSERT INTO contact (id_shop, type, value) VALUES (116,'телефон','3286358');
INSERT INTO contact (id_shop, type, value) VALUES (116,'Velcom','+375 29 1250072');
INSERT INTO contact (id_shop, type, value) VALUES (116,'МТС','+375 29 7174741');
INSERT INTO contact (id_shop, type, value) VALUES (117,'телефон','3272904');
INSERT INTO contact (id_shop, type, value) VALUES (118,'телефон','3284762');
INSERT INTO contact (id_shop, type, value) VALUES (119,'телефон','3274381');
INSERT INTO contact (id_shop, type, value) VALUES (120,'телефон','2261135');
INSERT INTO contact (id_shop, type, value) VALUES (120,'e-mail','win@aichyna.com');
INSERT INTO contact (id_shop, type, value) VALUES (121,'телефон','2891283');
INSERT INTO contact (id_shop, type, value) VALUES (122,'Velcom','+375 29 3030390');
INSERT INTO contact (id_shop, type, value) VALUES (123,'телефон','2891462');
INSERT INTO contact (id_shop, type, value) VALUES (124,'телефон','2891617');
INSERT INTO contact (id_shop, type, value) VALUES (125,'телефон','2891812');
INSERT INTO contact (id_shop, type, value) VALUES (126,'телефон','2260563');
INSERT INTO contact (id_shop, type, value) VALUES (127,'телефон','2891469');
INSERT INTO contact (id_shop, type, value) VALUES (127,'телефон','2891461');
INSERT INTO contact (id_shop, type, value) VALUES (128,'телефон','3271236');
INSERT INTO contact (id_shop, type, value) VALUES (129,'Velcom','+375 29 6189818');
INSERT INTO contact (id_shop, type, value) VALUES (130,'телефон','2261218');
INSERT INTO contact (id_shop, type, value) VALUES (131,'телефон','+375 17 2893772');
INSERT INTO contact (id_shop, type, value) VALUES (132,'директор','+375 29 3043217');
INSERT INTO contact (id_shop, type, value) VALUES (133,'Velcom','+375 29 3036605');
INSERT INTO contact (id_shop, type, value) VALUES (134,'телефон','3284862');
INSERT INTO contact (id_shop, type, value) VALUES (136,'телефон','3274051');
INSERT INTO contact (id_shop, type, value) VALUES (137,'телефон','2891989');
INSERT INTO contact (id_shop, type, value) VALUES (139,'телефон','2891264');
INSERT INTO contact (id_shop, type, value) VALUES (139,'телефон','2270686');
INSERT INTO contact (id_shop, type, value) VALUES (140,'Velcom','+375 29 6997742');
INSERT INTO contact (id_shop, type, value) VALUES (143,'e-mail','wek211@ya.ru');
INSERT INTO contact (id_shop, type, value) VALUES (144,'телефон','+375 17 3274502');
INSERT INTO contact (id_shop, type, value) VALUES (144,'Velcom','+375 29 1874502');
INSERT INTO contact (id_shop, type, value) VALUES (145,'МТС','+375 29 8574577');
INSERT INTO contact (id_shop, type, value) VALUES (146,'телефон','3212415');
INSERT INTO contact (id_shop, type, value) VALUES (147,'директор','+375 29 6394069');
INSERT INTO contact (id_shop, type, value) VALUES (147,'Velcom','+375 29 6394069');
INSERT INTO contact (id_shop, type, value) VALUES (148,'телефон','2260955');
INSERT INTO contact (id_shop, type, value) VALUES (148,'e-mail','2260955');
INSERT INTO contact (id_shop, type, value) VALUES (150,'life','+375 25 6044888');

/*!40101 SET SQL_MODE=@OLD_SQL_MODE */;
/*!40014 SET FOREIGN_KEY_CHECKS=@OLD_FOREIGN_KEY_CHECKS */;
/*!40014 SET UNIQUE_CHECKS=@OLD_UNIQUE_CHECKS */;
/*!40101 SET CHARACTER_SET_CLIENT=@OLD_CHARACTER_SET_CLIENT */;
/*!40101 SET CHARACTER_SET_RESULTS=@OLD_CHARACTER_SET_RESULTS */;
/*!40101 SET COLLATION_CONNECTION=@OLD_COLLATION_CONNECTION */;
/*!40111 SET SQL_NOTES=@OLD_SQL_NOTES */;

-- Dump completed
